filename, time, theta, distance, laser
capture_1.jpg       , 1619246334.40, 77.15, 65.00, 0
capture_2.jpg       , 1619246334.50, 77.15, 65.00, 0
capture_3.jpg       , 1619246334.60, 77.15, 65.00, 0
capture_4.jpg       , 1619246334.70, 77.15, 65.00, 0
capture_5.jpg       , 1619246334.80, 77.15, 65.00, 0
capture_6.jpg       , 1619246334.90, 77.15, 65.00, 0
capture_7.jpg       , 1619246335.00, 78.07, 65.00, 0
capture_8.jpg       , 1619246335.10, 78.07, 65.00, 0
capture_9.jpg       , 1619246335.20, 78.07, 65.00, 0
capture_10.jpg      , 1619246335.30, 78.07, 65.00, 0
capture_11.jpg      , 1619246335.40, 78.07, 65.00, 0
capture_12.jpg      , 1619246335.50, 78.07, 65.00, 0
capture_13.jpg      , 1619246335.60, 78.07, 65.00, 0
capture_14.jpg      , 1619246335.70, 78.07, 65.00, 0
capture_15.jpg      , 1619246335.80, 78.07, 65.00, 0
capture_16.jpg      , 1619246335.90, 78.07, 65.00, 0
capture_17.jpg      , 1619246336.00, 80.18, 65.00, 0
capture_18.jpg      , 1619246336.10, 80.18, 65.00, 0
capture_19.jpg      , 1619246336.20, 80.18, 65.00, 0
capture_20.jpg      , 1619246336.30, 80.18, 65.00, 0
capture_21.jpg      , 1619246336.40, 80.18, 65.00, 0
capture_22.jpg      , 1619246336.50, 80.18, 65.00, 0
capture_23.jpg      , 1619246336.60, 80.18, 65.00, 0
capture_24.jpg      , 1619246336.70, 80.18, 65.00, 0
capture_25.jpg      , 1619246336.80, 80.18, 65.00, 0
capture_26.jpg      , 1619246336.90, 80.18, 65.00, 0
capture_27.jpg      , 1619246337.00, 83.41, 65.00, 0
capture_28.jpg      , 1619246337.10, 83.41, 65.00, 0
capture_29.jpg      , 1619246337.20, 83.41, 65.00, 0
capture_30.jpg      , 1619246337.30, 83.41, 65.00, 0
capture_31.jpg      , 1619246337.40, 83.41, 65.00, 0
capture_32.jpg      , 1619246337.50, 83.41, 65.00, 0
capture_33.jpg      , 1619246337.60, 83.41, 65.00, 0
capture_34.jpg      , 1619246337.70, 83.41, 65.00, 0
capture_35.jpg      , 1619246337.80, 83.41, 65.00, 0
capture_36.jpg      , 1619246337.90, 83.41, 65.00, 0
capture_37.jpg      , 1619246338.00, 85.41, 65.00, 0
capture_38.jpg      , 1619246338.10, 85.41, 65.00, 0
capture_39.jpg      , 1619246338.20, 85.41, 65.00, 0
capture_40.jpg      , 1619246338.30, 85.41, 65.00, 0
capture_41.jpg      , 1619246338.40, 85.41, 65.00, 0
capture_42.jpg      , 1619246338.50, 85.41, 65.00, 0
capture_43.jpg      , 1619246338.60, 85.41, 65.00, 0
capture_44.jpg      , 1619246338.70, 85.41, 65.00, 0
capture_45.jpg      , 1619246338.80, 85.41, 65.00, 0
capture_46.jpg      , 1619246338.90, 85.41, 65.00, 0
capture_47.jpg      , 1619246339.00, 90.07, 65.00, 0
capture_48.jpg      , 1619246339.10, 90.07, 65.00, 0
capture_49.jpg      , 1619246339.20, 90.07, 65.00, 0
capture_50.jpg      , 1619246339.30, 90.07, 65.00, 0
capture_51.jpg      , 1619246339.40, 90.07, 65.00, 0
capture_52.jpg      , 1619246339.50, 90.07, 65.00, 0
capture_53.jpg      , 1619246339.60, 90.07, 65.00, 0
capture_54.jpg      , 1619246339.70, 90.07, 65.00, 0
capture_55.jpg      , 1619246339.80, 90.07, 65.00, 0
capture_56.jpg      , 1619246339.90, 90.07, 65.00, 0
capture_57.jpg      , 1619246340.00, 95.52, 65.00, 0
capture_58.jpg      , 1619246340.10, 95.52, 65.00, 0
capture_59.jpg      , 1619246340.20, 95.52, 65.00, 0
capture_60.jpg      , 1619246340.30, 95.52, 65.00, 0
capture_61.jpg      , 1619246340.40, 95.52, 65.00, 0
capture_62.jpg      , 1619246340.50, 95.52, 65.00, 0
capture_63.jpg      , 1619246340.60, 95.52, 65.00, 0
capture_64.jpg      , 1619246340.70, 95.52, 65.00, 0
capture_65.jpg      , 1619246340.80, 95.52, 65.00, 0
capture_66.jpg      , 1619246340.90, 95.52, 65.00, 0
capture_67.jpg      , 1619246341.00, 101.60, 65.00, 0
capture_68.jpg      , 1619246341.10, 101.60, 65.00, 0
capture_69.jpg      , 1619246341.20, 101.60, 65.00, 0
capture_70.jpg      , 1619246341.30, 101.60, 65.00, 0
capture_71.jpg      , 1619246341.40, 101.60, 65.00, 0
capture_72.jpg      , 1619246341.50, 101.60, 65.00, 0
capture_73.jpg      , 1619246341.60, 101.60, 65.00, 0
capture_74.jpg      , 1619246341.70, 101.60, 65.00, 0
capture_75.jpg      , 1619246341.80, 101.60, 65.00, 0
capture_76.jpg      , 1619246341.90, 101.60, 65.00, 0
capture_77.jpg      , 1619246342.00, 108.24, 65.00, 0
capture_78.jpg      , 1619246342.10, 108.24, 65.00, 0
capture_79.jpg      , 1619246342.20, 108.24, 65.00, 0
capture_80.jpg      , 1619246342.30, 108.24, 65.00, 0
capture_81.jpg      , 1619246342.40, 108.24, 65.00, 0
capture_82.jpg      , 1619246342.50, 108.24, 65.00, 0
capture_83.jpg      , 1619246342.60, 108.24, 65.00, 0
capture_84.jpg      , 1619246342.70, 108.24, 65.00, 0
capture_85.jpg      , 1619246342.80, 108.24, 65.00, 0
capture_86.jpg      , 1619246342.90, 108.24, 65.00, 0
capture_87.jpg      , 1619246343.00, 111.71, 65.00, 0
capture_88.jpg      , 1619246343.10, 111.71, 65.00, 0
capture_89.jpg      , 1619246343.20, 111.71, 65.00, 0
capture_90.jpg      , 1619246343.30, 111.71, 65.00, 0
capture_91.jpg      , 1619246343.40, 111.71, 65.00, 0
capture_92.jpg      , 1619246343.50, 111.71, 65.00, 0
capture_93.jpg      , 1619246343.60, 111.71, 65.00, 0
capture_94.jpg      , 1619246343.70, 111.71, 65.00, 0
capture_95.jpg      , 1619246343.80, 111.71, 65.00, 0
capture_96.jpg      , 1619246343.90, 111.71, 65.00, 0
capture_97.jpg      , 1619246344.00, 117.89, 66.00, 0
capture_98.jpg      , 1619246344.10, 117.89, 66.00, 0
capture_99.jpg      , 1619246344.20, 117.89, 66.00, 0
capture_100.jpg     , 1619246344.30, 117.89, 66.00, 0
capture_101.jpg     , 1619246344.40, 117.89, 66.00, 0
capture_102.jpg     , 1619246344.50, 117.89, 66.00, 0
capture_103.jpg     , 1619246344.60, 117.89, 66.00, 0
capture_104.jpg     , 1619246344.70, 117.89, 66.00, 0
capture_105.jpg     , 1619246344.80, 117.89, 66.00, 0
capture_106.jpg     , 1619246344.90, 117.89, 66.00, 0
capture_107.jpg     , 1619246345.00, 120.59, 68.00, 0
capture_108.jpg     , 1619246345.10, 120.59, 68.00, 0
capture_109.jpg     , 1619246345.20, 120.59, 68.00, 0
capture_110.jpg     , 1619246345.30, 120.59, 68.00, 0
capture_111.jpg     , 1619246345.40, 120.59, 68.00, 0
capture_112.jpg     , 1619246345.50, 120.59, 68.00, 0
capture_113.jpg     , 1619246345.60, 120.59, 68.00, 0
capture_114.jpg     , 1619246345.70, 120.59, 68.00, 0
capture_115.jpg     , 1619246345.80, 120.59, 68.00, 0
capture_116.jpg     , 1619246345.90, 120.59, 68.00, 0
capture_117.jpg     , 1619246346.00, 115.47, 69.00, 0
capture_118.jpg     , 1619246346.10, 115.47, 69.00, 0
capture_119.jpg     , 1619246346.20, 115.47, 69.00, 0
capture_120.jpg     , 1619246346.30, 115.47, 69.00, 0
capture_121.jpg     , 1619246346.40, 115.47, 69.00, 0
capture_122.jpg     , 1619246346.50, 115.47, 69.00, 0
capture_123.jpg     , 1619246346.60, 115.47, 69.00, 0
capture_124.jpg     , 1619246346.70, 115.47, 69.00, 0
capture_125.jpg     , 1619246346.80, 115.47, 69.00, 0
capture_126.jpg     , 1619246346.90, 115.47, 69.00, 0
capture_127.jpg     , 1619246347.00, 106.85, 69.00, 0
capture_128.jpg     , 1619246347.10, 106.85, 69.00, 0
capture_129.jpg     , 1619246347.20, 106.85, 69.00, 0
capture_130.jpg     , 1619246347.30, 106.85, 69.00, 0
capture_131.jpg     , 1619246347.40, 106.85, 69.00, 0
capture_132.jpg     , 1619246347.50, 106.85, 69.00, 0
capture_133.jpg     , 1619246347.60, 106.85, 69.00, 0
capture_134.jpg     , 1619246347.70, 106.85, 69.00, 0
capture_135.jpg     , 1619246347.80, 106.85, 69.00, 0
capture_136.jpg     , 1619246347.90, 106.85, 69.00, 0
capture_137.jpg     , 1619246348.00, 103.25, 68.00, 0
capture_138.jpg     , 1619246348.10, 103.25, 68.00, 0
capture_139.jpg     , 1619246348.20, 103.25, 68.00, 0
capture_140.jpg     , 1619246348.30, 103.25, 68.00, 0
capture_141.jpg     , 1619246348.40, 103.25, 68.00, 0
capture_142.jpg     , 1619246348.50, 103.25, 68.00, 0
capture_143.jpg     , 1619246348.60, 103.25, 68.00, 0
capture_144.jpg     , 1619246348.70, 103.25, 68.00, 0
capture_145.jpg     , 1619246348.80, 103.25, 68.00, 0
capture_146.jpg     , 1619246348.90, 103.25, 68.00, 0
capture_147.jpg     , 1619246349.00, 96.49, 68.00, 0
capture_148.jpg     , 1619246349.10, 96.49, 68.00, 0
capture_149.jpg     , 1619246349.20, 96.49, 68.00, 0
capture_150.jpg     , 1619246349.30, 96.49, 68.00, 0
capture_151.jpg     , 1619246349.40, 96.49, 68.00, 0
capture_152.jpg     , 1619246349.50, 96.49, 68.00, 0
capture_153.jpg     , 1619246349.60, 96.49, 68.00, 0
capture_154.jpg     , 1619246349.70, 96.49, 68.00, 0
capture_155.jpg     , 1619246349.80, 96.49, 68.00, 0
capture_156.jpg     , 1619246349.90, 96.49, 68.00, 0
capture_157.jpg     , 1619246350.00, 90.65, 68.00, 0
capture_158.jpg     , 1619246350.10, 90.65, 68.00, 0
capture_159.jpg     , 1619246350.20, 90.65, 68.00, 0
capture_160.jpg     , 1619246350.30, 90.65, 68.00, 0
capture_161.jpg     , 1619246350.40, 90.65, 68.00, 0
capture_162.jpg     , 1619246350.50, 90.65, 68.00, 0
capture_163.jpg     , 1619246350.60, 90.65, 68.00, 0
capture_164.jpg     , 1619246350.70, 90.65, 68.00, 0
capture_165.jpg     , 1619246350.80, 90.65, 68.00, 0
capture_166.jpg     , 1619246350.90, 90.65, 68.00, 0
capture_167.jpg     , 1619246351.00, 85.66, 68.00, 0
capture_168.jpg     , 1619246351.10, 85.66, 68.00, 0
capture_169.jpg     , 1619246351.20, 85.66, 68.00, 0
capture_170.jpg     , 1619246351.30, 85.66, 68.00, 0
capture_171.jpg     , 1619246351.40, 85.66, 68.00, 0
capture_172.jpg     , 1619246351.50, 85.66, 68.00, 0
capture_173.jpg     , 1619246351.60, 85.66, 68.00, 0
capture_174.jpg     , 1619246351.70, 85.66, 68.00, 0
capture_175.jpg     , 1619246351.80, 85.66, 68.00, 0
capture_176.jpg     , 1619246351.90, 85.66, 68.00, 0
capture_177.jpg     , 1619246352.00, 83.46, 68.00, 0
capture_178.jpg     , 1619246352.10, 83.46, 68.00, 0
capture_179.jpg     , 1619246352.20, 83.46, 68.00, 0
capture_180.jpg     , 1619246352.30, 83.46, 68.00, 0
capture_181.jpg     , 1619246352.40, 83.46, 68.00, 0
capture_182.jpg     , 1619246352.50, 83.46, 68.00, 0
capture_183.jpg     , 1619246352.60, 83.46, 68.00, 0
capture_184.jpg     , 1619246352.70, 83.46, 68.00, 0
capture_185.jpg     , 1619246352.80, 83.46, 68.00, 0
capture_186.jpg     , 1619246352.90, 83.46, 68.00, 0
capture_187.jpg     , 1619246353.00, 79.86, 68.00, 0
capture_188.jpg     , 1619246353.10, 79.86, 68.00, 0
capture_189.jpg     , 1619246353.20, 79.86, 68.00, 0
capture_190.jpg     , 1619246353.30, 79.86, 68.00, 0
capture_191.jpg     , 1619246353.40, 79.86, 68.00, 0
capture_192.jpg     , 1619246353.50, 79.86, 68.00, 0
capture_193.jpg     , 1619246353.60, 79.86, 68.00, 0
capture_194.jpg     , 1619246353.70, 79.86, 68.00, 0
capture_195.jpg     , 1619246353.80, 79.86, 68.00, 0
capture_196.jpg     , 1619246353.90, 79.86, 68.00, 0
capture_197.jpg     , 1619246354.00, 77.45, 69.00, 1
capture_198.jpg     , 1619246354.10, 77.45, 69.00, 1
capture_199.jpg     , 1619246354.20, 77.45, 69.00, 1
capture_200.jpg     , 1619246354.30, 77.45, 69.00, 1
capture_201.jpg     , 1619246354.40, 77.45, 69.00, 1
capture_202.jpg     , 1619246354.50, 77.45, 69.00, 1
capture_203.jpg     , 1619246354.60, 77.45, 69.00, 1
capture_204.jpg     , 1619246354.70, 77.45, 69.00, 1
capture_205.jpg     , 1619246354.80, 77.45, 69.00, 1
capture_206.jpg     , 1619246354.90, 77.45, 69.00, 1
capture_207.jpg     , 1619246355.00, 76.33, 68.00, 1
capture_208.jpg     , 1619246355.10, 76.33, 68.00, 1
capture_209.jpg     , 1619246355.20, 76.33, 68.00, 1
capture_210.jpg     , 1619246355.30, 76.33, 68.00, 1
capture_211.jpg     , 1619246355.40, 76.33, 68.00, 1
capture_212.jpg     , 1619246355.50, 76.33, 68.00, 1
capture_213.jpg     , 1619246355.60, 76.33, 68.00, 1
capture_214.jpg     , 1619246355.70, 76.33, 68.00, 1
capture_215.jpg     , 1619246355.80, 76.33, 68.00, 1
capture_216.jpg     , 1619246355.90, 76.33, 68.00, 1
capture_217.jpg     , 1619246356.00, 76.87, 68.00, 1
capture_218.jpg     , 1619246356.10, 76.87, 68.00, 1
capture_219.jpg     , 1619246356.20, 76.87, 68.00, 1
capture_220.jpg     , 1619246356.30, 76.87, 68.00, 1
capture_221.jpg     , 1619246356.40, 76.87, 68.00, 1
capture_222.jpg     , 1619246356.50, 76.87, 68.00, 1
capture_223.jpg     , 1619246356.60, 76.87, 68.00, 1
capture_224.jpg     , 1619246356.70, 76.87, 68.00, 1
capture_225.jpg     , 1619246356.80, 76.87, 68.00, 1
capture_226.jpg     , 1619246356.90, 76.87, 68.00, 1
capture_227.jpg     , 1619246357.00, 77.65, 69.00, 1
capture_228.jpg     , 1619246357.10, 77.65, 69.00, 1
capture_229.jpg     , 1619246357.20, 77.65, 69.00, 1
capture_230.jpg     , 1619246357.30, 77.65, 69.00, 1
capture_231.jpg     , 1619246357.40, 77.65, 69.00, 1
capture_232.jpg     , 1619246357.50, 77.65, 69.00, 1
capture_233.jpg     , 1619246357.60, 77.65, 69.00, 1
capture_234.jpg     , 1619246357.70, 77.65, 69.00, 1
capture_235.jpg     , 1619246357.80, 77.65, 69.00, 1
capture_236.jpg     , 1619246357.90, 77.65, 69.00, 1
capture_237.jpg     , 1619246358.00, 80.24, 68.00, 1
capture_238.jpg     , 1619246358.10, 80.24, 68.00, 1
capture_239.jpg     , 1619246358.20, 80.24, 68.00, 1
capture_240.jpg     , 1619246358.30, 80.24, 68.00, 1
capture_241.jpg     , 1619246358.40, 80.24, 68.00, 1
capture_242.jpg     , 1619246358.50, 80.24, 68.00, 1
capture_243.jpg     , 1619246358.60, 80.24, 68.00, 1
capture_244.jpg     , 1619246358.70, 80.24, 68.00, 1
capture_245.jpg     , 1619246358.80, 80.24, 68.00, 1
capture_246.jpg     , 1619246358.90, 80.24, 68.00, 1
capture_247.jpg     , 1619246359.00, 84.40, 69.00, 1
capture_248.jpg     , 1619246359.10, 84.40, 69.00, 1
capture_249.jpg     , 1619246359.20, 84.40, 69.00, 1
capture_250.jpg     , 1619246359.30, 84.40, 69.00, 1
capture_251.jpg     , 1619246359.40, 84.40, 69.00, 1
capture_252.jpg     , 1619246359.50, 84.40, 69.00, 1
capture_253.jpg     , 1619246359.60, 84.40, 69.00, 1
capture_254.jpg     , 1619246359.70, 84.40, 69.00, 1
capture_255.jpg     , 1619246359.80, 84.40, 69.00, 1
capture_256.jpg     , 1619246359.90, 84.40, 69.00, 1
capture_257.jpg     , 1619246360.00, 89.74, 69.00, 1
capture_258.jpg     , 1619246360.10, 89.74, 69.00, 1
capture_259.jpg     , 1619246360.20, 89.74, 69.00, 1
capture_260.jpg     , 1619246360.30, 89.74, 69.00, 1
capture_261.jpg     , 1619246360.40, 89.74, 69.00, 1
capture_262.jpg     , 1619246360.50, 89.74, 69.00, 1
capture_263.jpg     , 1619246360.60, 89.74, 69.00, 1
capture_264.jpg     , 1619246360.70, 89.74, 69.00, 1
capture_265.jpg     , 1619246360.80, 89.74, 69.00, 1
capture_266.jpg     , 1619246360.90, 89.74, 69.00, 1
capture_267.jpg     , 1619246361.00, 96.18, 68.00, 0
capture_268.jpg     , 1619246361.10, 96.18, 68.00, 0
capture_269.jpg     , 1619246361.20, 96.18, 68.00, 0
capture_270.jpg     , 1619246361.30, 96.18, 68.00, 0
capture_271.jpg     , 1619246361.40, 96.18, 68.00, 0
capture_272.jpg     , 1619246361.50, 96.18, 68.00, 0
capture_273.jpg     , 1619246361.60, 96.18, 68.00, 0
capture_274.jpg     , 1619246361.70, 96.18, 68.00, 0
capture_275.jpg     , 1619246361.80, 96.18, 68.00, 0
capture_276.jpg     , 1619246361.90, 96.18, 68.00, 0
capture_277.jpg     , 1619246362.00, 96.18, 68.00, 0
capture_278.jpg     , 1619246362.10, 96.18, 68.00, 0
capture_279.jpg     , 1619246362.20, 96.18, 68.00, 0
capture_280.jpg     , 1619246362.30, 96.18, 68.00, 0
capture_281.jpg     , 1619246362.40, 96.18, 68.00, 0
capture_282.jpg     , 1619246362.50, 96.18, 68.00, 0
capture_283.jpg     , 1619246362.60, 96.18, 68.00, 0
capture_284.jpg     , 1619246362.70, 96.18, 68.00, 0
capture_285.jpg     , 1619246362.80, 96.18, 68.00, 0
capture_286.jpg     , 1619246362.90, 96.18, 68.00, 0
capture_287.jpg     , 1619246363.00, 103.71, 69.00, 1
capture_288.jpg     , 1619246363.10, 103.71, 69.00, 1
capture_289.jpg     , 1619246363.20, 103.71, 69.00, 1
capture_290.jpg     , 1619246363.30, 103.71, 69.00, 1
capture_291.jpg     , 1619246363.40, 103.71, 69.00, 1
capture_292.jpg     , 1619246363.50, 103.71, 69.00, 1
capture_293.jpg     , 1619246363.60, 103.71, 69.00, 1
capture_294.jpg     , 1619246363.70, 103.71, 69.00, 1
capture_295.jpg     , 1619246363.80, 103.71, 69.00, 1
capture_296.jpg     , 1619246363.90, 103.71, 69.00, 1
capture_297.jpg     , 1619246364.00, 111.08, 71.00, 1
capture_298.jpg     , 1619246364.10, 111.08, 71.00, 1
capture_299.jpg     , 1619246364.20, 111.08, 71.00, 1
capture_300.jpg     , 1619246364.30, 111.08, 71.00, 1
capture_301.jpg     , 1619246364.40, 111.08, 71.00, 1
capture_302.jpg     , 1619246364.50, 111.08, 71.00, 1
capture_303.jpg     , 1619246364.60, 111.08, 71.00, 1
capture_304.jpg     , 1619246364.70, 111.08, 71.00, 1
capture_305.jpg     , 1619246364.80, 111.08, 71.00, 1
capture_306.jpg     , 1619246364.90, 111.08, 71.00, 1
capture_307.jpg     , 1619246365.00, 118.88, 72.00, 1
capture_308.jpg     , 1619246365.10, 118.88, 72.00, 1
capture_309.jpg     , 1619246365.20, 118.88, 72.00, 1
capture_310.jpg     , 1619246365.30, 118.88, 72.00, 1
capture_311.jpg     , 1619246365.40, 118.88, 72.00, 1
capture_312.jpg     , 1619246365.50, 118.88, 72.00, 1
capture_313.jpg     , 1619246365.60, 118.88, 72.00, 1
capture_314.jpg     , 1619246365.70, 118.88, 72.00, 1
capture_315.jpg     , 1619246365.80, 118.88, 72.00, 1
capture_316.jpg     , 1619246365.90, 118.88, 72.00, 1
capture_317.jpg     , 1619246366.00, 122.96, 72.00, 1
capture_318.jpg     , 1619246366.10, 122.96, 72.00, 1
capture_319.jpg     , 1619246366.20, 122.96, 72.00, 1
capture_320.jpg     , 1619246366.30, 122.96, 72.00, 1
capture_321.jpg     , 1619246366.40, 122.96, 72.00, 1
capture_322.jpg     , 1619246366.50, 122.96, 72.00, 1
capture_323.jpg     , 1619246366.60, 122.96, 72.00, 1
capture_324.jpg     , 1619246366.70, 122.96, 72.00, 1
capture_325.jpg     , 1619246366.80, 122.96, 72.00, 1
capture_326.jpg     , 1619246366.90, 122.96, 72.00, 1
capture_327.jpg     , 1619246367.00, 131.29, 72.00, 1
capture_328.jpg     , 1619246367.10, 131.29, 72.00, 1
capture_329.jpg     , 1619246367.20, 131.29, 72.00, 1
capture_330.jpg     , 1619246367.30, 131.29, 72.00, 1
capture_331.jpg     , 1619246367.40, 131.29, 72.00, 1
capture_332.jpg     , 1619246367.50, 131.29, 72.00, 1
capture_333.jpg     , 1619246367.60, 131.29, 72.00, 1
capture_334.jpg     , 1619246367.70, 131.29, 72.00, 1
capture_335.jpg     , 1619246367.80, 131.29, 72.00, 1
capture_336.jpg     , 1619246367.90, 131.29, 72.00, 1
capture_337.jpg     , 1619246368.00, 140.08, 72.00, 1
capture_338.jpg     , 1619246368.10, 140.08, 72.00, 1
capture_339.jpg     , 1619246368.20, 140.08, 72.00, 1
capture_340.jpg     , 1619246368.30, 140.08, 72.00, 1
capture_341.jpg     , 1619246368.40, 140.08, 72.00, 1
capture_342.jpg     , 1619246368.50, 140.08, 72.00, 1
capture_343.jpg     , 1619246368.60, 140.08, 72.00, 1
capture_344.jpg     , 1619246368.70, 140.08, 72.00, 1
capture_345.jpg     , 1619246368.80, 140.08, 72.00, 1
capture_346.jpg     , 1619246368.90, 140.08, 72.00, 1
capture_347.jpg     , 1619246369.00, 149.20, 71.00, 1
capture_348.jpg     , 1619246369.10, 149.20, 71.00, 1
capture_349.jpg     , 1619246369.20, 149.20, 71.00, 1
capture_350.jpg     , 1619246369.30, 149.20, 71.00, 1
capture_351.jpg     , 1619246369.40, 149.20, 71.00, 1
capture_352.jpg     , 1619246369.50, 149.20, 71.00, 1
capture_353.jpg     , 1619246369.60, 149.20, 71.00, 1
capture_354.jpg     , 1619246369.70, 149.20, 71.00, 1
capture_355.jpg     , 1619246369.80, 149.20, 71.00, 1
capture_356.jpg     , 1619246369.90, 149.20, 71.00, 1
capture_357.jpg     , 1619246370.00, 158.25, 71.00, 1
capture_358.jpg     , 1619246370.10, 158.25, 71.00, 1
capture_359.jpg     , 1619246370.20, 158.25, 71.00, 1
capture_360.jpg     , 1619246370.30, 158.25, 71.00, 1
capture_361.jpg     , 1619246370.40, 158.25, 71.00, 1
capture_362.jpg     , 1619246370.50, 158.25, 71.00, 1
capture_363.jpg     , 1619246370.60, 158.25, 71.00, 1
capture_364.jpg     , 1619246370.70, 158.25, 71.00, 1
capture_365.jpg     , 1619246370.80, 158.25, 71.00, 1
capture_366.jpg     , 1619246370.90, 158.25, 71.00, 1
capture_367.jpg     , 1619246371.00, 162.84, 72.00, 1
capture_368.jpg     , 1619246371.10, 162.84, 72.00, 1
capture_369.jpg     , 1619246371.20, 162.84, 72.00, 1
capture_370.jpg     , 1619246371.30, 162.84, 72.00, 1
capture_371.jpg     , 1619246371.40, 162.84, 72.00, 1
capture_372.jpg     , 1619246371.50, 162.84, 72.00, 1
capture_373.jpg     , 1619246371.60, 162.84, 72.00, 1
capture_374.jpg     , 1619246371.70, 162.84, 72.00, 1
capture_375.jpg     , 1619246371.80, 162.84, 72.00, 1
capture_376.jpg     , 1619246371.90, 162.84, 72.00, 1
capture_377.jpg     , 1619246372.00, 172.03, 71.00, 1
capture_378.jpg     , 1619246372.10, 172.03, 71.00, 1
capture_379.jpg     , 1619246372.20, 172.03, 71.00, 1
capture_380.jpg     , 1619246372.30, 172.03, 71.00, 1
capture_381.jpg     , 1619246372.40, 172.03, 71.00, 1
capture_382.jpg     , 1619246372.50, 172.03, 71.00, 1
capture_383.jpg     , 1619246372.60, 172.03, 71.00, 1
capture_384.jpg     , 1619246372.70, 172.03, 71.00, 1
capture_385.jpg     , 1619246372.80, 172.03, 71.00, 1
capture_386.jpg     , 1619246372.90, 172.03, 71.00, 1
capture_387.jpg     , 1619246373.00, -178.99, 72.00, 1
capture_388.jpg     , 1619246373.10, -178.99, 72.00, 1
capture_389.jpg     , 1619246373.20, -178.99, 72.00, 1
capture_390.jpg     , 1619246373.30, -178.99, 72.00, 1
capture_391.jpg     , 1619246373.40, -178.99, 72.00, 1
capture_392.jpg     , 1619246373.50, -178.99, 72.00, 1
capture_393.jpg     , 1619246373.60, -178.99, 72.00, 1
capture_394.jpg     , 1619246373.70, -178.99, 72.00, 1
capture_395.jpg     , 1619246373.80, -178.99, 72.00, 1
capture_396.jpg     , 1619246373.90, -178.99, 72.00, 1
capture_397.jpg     , 1619246374.00, -170.13, 72.00, 1
capture_398.jpg     , 1619246374.10, -170.13, 72.00, 1
capture_399.jpg     , 1619246374.20, -170.13, 72.00, 1
capture_400.jpg     , 1619246374.30, -170.13, 72.00, 1
capture_401.jpg     , 1619246374.40, -170.13, 72.00, 1
capture_402.jpg     , 1619246374.50, -170.13, 72.00, 1
capture_403.jpg     , 1619246374.60, -170.13, 72.00, 1
capture_404.jpg     , 1619246374.70, -170.13, 72.00, 1
capture_405.jpg     , 1619246374.80, -170.13, 72.00, 1
capture_406.jpg     , 1619246374.90, -170.13, 72.00, 1
capture_407.jpg     , 1619246375.00, -161.28, 71.00, 1
capture_408.jpg     , 1619246375.10, -161.28, 71.00, 1
capture_409.jpg     , 1619246375.20, -161.28, 71.00, 1
capture_410.jpg     , 1619246375.30, -161.28, 71.00, 1
capture_411.jpg     , 1619246375.40, -161.28, 71.00, 1
capture_412.jpg     , 1619246375.50, -161.28, 71.00, 1
capture_413.jpg     , 1619246375.60, -161.28, 71.00, 1
capture_414.jpg     , 1619246375.70, -161.28, 71.00, 1
capture_415.jpg     , 1619246375.80, -161.28, 71.00, 1
capture_416.jpg     , 1619246375.90, -161.28, 71.00, 1
capture_417.jpg     , 1619246376.00, -156.78, 71.00, 1
capture_418.jpg     , 1619246376.10, -156.78, 71.00, 1
capture_419.jpg     , 1619246376.20, -156.78, 71.00, 1
capture_420.jpg     , 1619246376.30, -156.78, 71.00, 1
capture_421.jpg     , 1619246376.40, -156.78, 71.00, 1
capture_422.jpg     , 1619246376.50, -156.78, 71.00, 1
capture_423.jpg     , 1619246376.60, -156.78, 71.00, 1
capture_424.jpg     , 1619246376.70, -156.78, 71.00, 1
capture_425.jpg     , 1619246376.80, -156.78, 71.00, 1
capture_426.jpg     , 1619246376.90, -156.78, 71.00, 1
capture_427.jpg     , 1619246377.00, -147.73, 71.00, 1
capture_428.jpg     , 1619246377.10, -147.73, 71.00, 1
capture_429.jpg     , 1619246377.20, -147.73, 71.00, 1
capture_430.jpg     , 1619246377.30, -147.73, 71.00, 1
capture_431.jpg     , 1619246377.40, -147.73, 71.00, 1
capture_432.jpg     , 1619246377.50, -147.73, 71.00, 1
capture_433.jpg     , 1619246377.60, -147.73, 71.00, 1
capture_434.jpg     , 1619246377.70, -147.73, 71.00, 1
capture_435.jpg     , 1619246377.80, -147.73, 71.00, 1
capture_436.jpg     , 1619246377.90, -147.73, 71.00, 1
capture_437.jpg     , 1619246378.00, -143.32, 72.00, 1
capture_438.jpg     , 1619246378.10, -143.32, 72.00, 1
capture_439.jpg     , 1619246378.20, -143.32, 72.00, 1
capture_440.jpg     , 1619246378.30, -143.32, 72.00, 1
capture_441.jpg     , 1619246378.40, -143.32, 72.00, 1
capture_442.jpg     , 1619246378.50, -143.32, 72.00, 1
capture_443.jpg     , 1619246378.60, -143.32, 72.00, 1
capture_444.jpg     , 1619246378.70, -143.32, 72.00, 1
capture_445.jpg     , 1619246378.80, -143.32, 72.00, 1
capture_446.jpg     , 1619246378.90, -143.32, 72.00, 1
capture_447.jpg     , 1619246379.00, -134.62, 71.00, 1
capture_448.jpg     , 1619246379.10, -134.62, 71.00, 1
capture_449.jpg     , 1619246379.20, -134.62, 71.00, 1
capture_450.jpg     , 1619246379.30, -134.62, 71.00, 1
capture_451.jpg     , 1619246379.40, -134.62, 71.00, 1
capture_452.jpg     , 1619246379.50, -134.62, 71.00, 1
capture_453.jpg     , 1619246379.60, -134.62, 71.00, 1
capture_454.jpg     , 1619246379.70, -134.62, 71.00, 1
capture_455.jpg     , 1619246379.80, -134.62, 71.00, 1
capture_456.jpg     , 1619246379.90, -134.62, 71.00, 1
capture_457.jpg     , 1619246380.00, -130.38, 71.00, 1
capture_458.jpg     , 1619246380.10, -130.38, 71.00, 1
capture_459.jpg     , 1619246380.20, -130.38, 71.00, 1
capture_460.jpg     , 1619246380.30, -130.38, 71.00, 1
capture_461.jpg     , 1619246380.40, -130.38, 71.00, 1
capture_462.jpg     , 1619246380.50, -130.38, 71.00, 1
capture_463.jpg     , 1619246380.60, -130.38, 71.00, 1
capture_464.jpg     , 1619246380.70, -130.38, 71.00, 1
capture_465.jpg     , 1619246380.80, -130.38, 71.00, 1
capture_466.jpg     , 1619246380.90, -130.38, 71.00, 1
capture_467.jpg     , 1619246381.00, -122.12, 72.00, 1
capture_468.jpg     , 1619246381.10, -122.12, 72.00, 1
capture_469.jpg     , 1619246381.20, -122.12, 72.00, 1
capture_470.jpg     , 1619246381.30, -122.12, 72.00, 1
capture_471.jpg     , 1619246381.40, -122.12, 72.00, 1
capture_472.jpg     , 1619246381.50, -122.12, 72.00, 1
capture_473.jpg     , 1619246381.60, -122.12, 72.00, 1
capture_474.jpg     , 1619246381.70, -122.12, 72.00, 1
capture_475.jpg     , 1619246381.80, -122.12, 72.00, 1
capture_476.jpg     , 1619246381.90, -122.12, 72.00, 1
capture_477.jpg     , 1619246382.00, -114.13, 71.00, 1
capture_478.jpg     , 1619246382.10, -114.13, 71.00, 1
capture_479.jpg     , 1619246382.20, -114.13, 71.00, 1
capture_480.jpg     , 1619246382.30, -114.13, 71.00, 1
capture_481.jpg     , 1619246382.40, -114.13, 71.00, 1
capture_482.jpg     , 1619246382.50, -114.13, 71.00, 1
capture_483.jpg     , 1619246382.60, -114.13, 71.00, 1
capture_484.jpg     , 1619246382.70, -114.13, 71.00, 1
capture_485.jpg     , 1619246382.80, -114.13, 71.00, 1
capture_486.jpg     , 1619246382.90, -114.13, 71.00, 1
capture_487.jpg     , 1619246383.00, -106.76, 71.00, 1
capture_488.jpg     , 1619246383.10, -106.76, 71.00, 1
capture_489.jpg     , 1619246383.20, -106.76, 71.00, 1
capture_490.jpg     , 1619246383.30, -106.76, 71.00, 1
capture_491.jpg     , 1619246383.40, -106.76, 71.00, 1
capture_492.jpg     , 1619246383.50, -106.76, 71.00, 1
capture_493.jpg     , 1619246383.60, -106.76, 71.00, 1
capture_494.jpg     , 1619246383.70, -106.76, 71.00, 1
capture_495.jpg     , 1619246383.80, -106.76, 71.00, 1
capture_496.jpg     , 1619246383.90, -106.76, 71.00, 1
capture_497.jpg     , 1619246384.00, -100.02, 72.00, 1
capture_498.jpg     , 1619246384.10, -100.02, 72.00, 1
capture_499.jpg     , 1619246384.20, -100.02, 72.00, 1
capture_500.jpg     , 1619246384.30, -100.02, 72.00, 1
capture_501.jpg     , 1619246384.40, -100.02, 72.00, 1
capture_502.jpg     , 1619246384.50, -100.02, 72.00, 1
capture_503.jpg     , 1619246384.60, -100.02, 72.00, 1
capture_504.jpg     , 1619246384.70, -100.02, 72.00, 1
capture_505.jpg     , 1619246384.80, -100.02, 72.00, 1
capture_506.jpg     , 1619246384.90, -100.02, 72.00, 1
capture_507.jpg     , 1619246385.00, -96.88, 72.00, 1
capture_508.jpg     , 1619246385.10, -96.88, 72.00, 1
capture_509.jpg     , 1619246385.20, -96.88, 72.00, 1
capture_510.jpg     , 1619246385.30, -96.88, 72.00, 1
capture_511.jpg     , 1619246385.40, -96.88, 72.00, 1
capture_512.jpg     , 1619246385.50, -96.88, 72.00, 1
capture_513.jpg     , 1619246385.60, -96.88, 72.00, 1
capture_514.jpg     , 1619246385.70, -96.88, 72.00, 1
capture_515.jpg     , 1619246385.80, -96.88, 72.00, 1
capture_516.jpg     , 1619246385.90, -96.88, 72.00, 1
capture_517.jpg     , 1619246386.00, -94.02, 72.00, 1
capture_518.jpg     , 1619246386.10, -94.02, 72.00, 1
capture_519.jpg     , 1619246386.20, -94.02, 72.00, 1
capture_520.jpg     , 1619246386.30, -94.02, 72.00, 1
capture_521.jpg     , 1619246386.40, -94.02, 72.00, 1
capture_522.jpg     , 1619246386.50, -94.02, 72.00, 1
capture_523.jpg     , 1619246386.60, -94.02, 72.00, 1
capture_524.jpg     , 1619246386.70, -94.02, 72.00, 1
capture_525.jpg     , 1619246386.80, -94.02, 72.00, 1
capture_526.jpg     , 1619246386.90, -94.02, 72.00, 1
capture_527.jpg     , 1619246387.00, -88.15, 72.00, 1
capture_528.jpg     , 1619246387.10, -88.15, 72.00, 1
capture_529.jpg     , 1619246387.20, -88.15, 72.00, 1
capture_530.jpg     , 1619246387.30, -88.15, 72.00, 1
capture_531.jpg     , 1619246387.40, -88.15, 72.00, 1
capture_532.jpg     , 1619246387.50, -88.15, 72.00, 1
capture_533.jpg     , 1619246387.60, -88.15, 72.00, 1
capture_534.jpg     , 1619246387.70, -88.15, 72.00, 1
capture_535.jpg     , 1619246387.80, -88.15, 72.00, 1
capture_536.jpg     , 1619246387.90, -88.15, 72.00, 1
capture_537.jpg     , 1619246388.00, -83.23, 72.00, 1
capture_538.jpg     , 1619246388.10, -83.23, 72.00, 1
capture_539.jpg     , 1619246388.20, -83.23, 72.00, 1
capture_540.jpg     , 1619246388.30, -83.23, 72.00, 1
capture_541.jpg     , 1619246388.40, -83.23, 72.00, 1
capture_542.jpg     , 1619246388.50, -83.23, 72.00, 1
capture_543.jpg     , 1619246388.60, -83.23, 72.00, 1
capture_544.jpg     , 1619246388.70, -83.23, 72.00, 1
capture_545.jpg     , 1619246388.80, -83.23, 72.00, 1
capture_546.jpg     , 1619246388.90, -83.23, 72.00, 1
capture_547.jpg     , 1619246389.00, -79.91, 72.00, 1
capture_548.jpg     , 1619246389.10, -79.91, 72.00, 1
capture_549.jpg     , 1619246389.20, -79.91, 72.00, 1
capture_550.jpg     , 1619246389.30, -79.91, 72.00, 1
capture_551.jpg     , 1619246389.40, -79.91, 72.00, 1
capture_552.jpg     , 1619246389.50, -79.91, 72.00, 1
capture_553.jpg     , 1619246389.60, -79.91, 72.00, 1
capture_554.jpg     , 1619246389.70, -79.91, 72.00, 1
capture_555.jpg     , 1619246389.80, -79.91, 72.00, 1
capture_556.jpg     , 1619246389.90, -79.91, 72.00, 1
capture_557.jpg     , 1619246390.00, -78.95, 72.00, 1
capture_558.jpg     , 1619246390.10, -78.95, 72.00, 1
capture_559.jpg     , 1619246390.20, -78.95, 72.00, 1
capture_560.jpg     , 1619246390.30, -78.95, 72.00, 1
capture_561.jpg     , 1619246390.40, -78.95, 72.00, 1
capture_562.jpg     , 1619246390.50, -78.95, 72.00, 1
capture_563.jpg     , 1619246390.60, -78.95, 72.00, 1
capture_564.jpg     , 1619246390.70, -78.95, 72.00, 1
capture_565.jpg     , 1619246390.80, -78.95, 72.00, 1
capture_566.jpg     , 1619246390.90, -78.95, 72.00, 1
capture_567.jpg     , 1619246391.00, -78.41, 71.00, 1
capture_568.jpg     , 1619246391.10, -78.41, 71.00, 1
capture_569.jpg     , 1619246391.20, -78.41, 71.00, 1
capture_570.jpg     , 1619246391.30, -78.41, 71.00, 1
capture_571.jpg     , 1619246391.40, -78.41, 71.00, 1
capture_572.jpg     , 1619246391.50, -78.41, 71.00, 1
capture_573.jpg     , 1619246391.60, -78.41, 71.00, 1
capture_574.jpg     , 1619246391.70, -78.41, 71.00, 1
capture_575.jpg     , 1619246391.80, -78.41, 71.00, 1
capture_576.jpg     , 1619246391.90, -78.41, 71.00, 1
capture_577.jpg     , 1619246392.00, -79.51, 72.00, 1
capture_578.jpg     , 1619246392.10, -79.51, 72.00, 1
capture_579.jpg     , 1619246392.20, -79.51, 72.00, 1
capture_580.jpg     , 1619246392.30, -79.51, 72.00, 1
capture_581.jpg     , 1619246392.40, -79.51, 72.00, 1
capture_582.jpg     , 1619246392.50, -79.51, 72.00, 1
capture_583.jpg     , 1619246392.60, -79.51, 72.00, 1
capture_584.jpg     , 1619246392.70, -79.51, 72.00, 1
capture_585.jpg     , 1619246392.80, -79.51, 72.00, 1
capture_586.jpg     , 1619246392.90, -79.51, 72.00, 1
capture_587.jpg     , 1619246393.00, -80.61, 72.00, 1
capture_588.jpg     , 1619246393.10, -80.61, 72.00, 1
capture_589.jpg     , 1619246393.20, -80.61, 72.00, 1
capture_590.jpg     , 1619246393.30, -80.61, 72.00, 1
capture_591.jpg     , 1619246393.40, -80.61, 72.00, 1
capture_592.jpg     , 1619246393.50, -80.61, 72.00, 1
capture_593.jpg     , 1619246393.60, -80.61, 72.00, 1
capture_594.jpg     , 1619246393.70, -80.61, 72.00, 1
capture_595.jpg     , 1619246393.80, -80.61, 72.00, 1
capture_596.jpg     , 1619246393.90, -80.61, 72.00, 1
capture_597.jpg     , 1619246394.00, -80.61, 72.00, 1
capture_598.jpg     , 1619246394.10, -80.61, 72.00, 1
capture_599.jpg     , 1619246394.20, -80.61, 72.00, 1
capture_600.jpg     , 1619246394.30, -80.61, 72.00, 1
capture_601.jpg     , 1619246394.40, -80.61, 72.00, 1
capture_602.jpg     , 1619246394.50, -80.61, 72.00, 1
capture_603.jpg     , 1619246394.60, -80.61, 72.00, 1
capture_604.jpg     , 1619246394.70, -80.61, 72.00, 1
capture_605.jpg     , 1619246394.80, -80.61, 72.00, 1
capture_606.jpg     , 1619246394.90, -80.61, 72.00, 1
capture_607.jpg     , 1619246395.00, -84.14, 72.00, 1
capture_608.jpg     , 1619246395.10, -84.14, 72.00, 1
capture_609.jpg     , 1619246395.20, -84.14, 72.00, 1
capture_610.jpg     , 1619246395.30, -84.14, 72.00, 1
capture_611.jpg     , 1619246395.40, -84.14, 72.00, 1
capture_612.jpg     , 1619246395.50, -84.14, 72.00, 1
capture_613.jpg     , 1619246395.60, -84.14, 72.00, 1
capture_614.jpg     , 1619246395.70, -84.14, 72.00, 1
capture_615.jpg     , 1619246395.80, -84.14, 72.00, 1
capture_616.jpg     , 1619246395.90, -84.14, 72.00, 1
capture_617.jpg     , 1619246396.00, -88.37, 72.00, 1
capture_618.jpg     , 1619246396.10, -88.37, 72.00, 1
capture_619.jpg     , 1619246396.20, -88.37, 72.00, 1
capture_620.jpg     , 1619246396.30, -88.37, 72.00, 1
capture_621.jpg     , 1619246396.40, -88.37, 72.00, 1
capture_622.jpg     , 1619246396.50, -88.37, 72.00, 1
capture_623.jpg     , 1619246396.60, -88.37, 72.00, 1
capture_624.jpg     , 1619246396.70, -88.37, 72.00, 1
capture_625.jpg     , 1619246396.80, -88.37, 72.00, 1
capture_626.jpg     , 1619246396.90, -88.37, 72.00, 1
capture_627.jpg     , 1619246397.00, -92.37, 72.00, 1
capture_628.jpg     , 1619246397.10, -92.37, 72.00, 1
capture_629.jpg     , 1619246397.20, -92.37, 72.00, 1
capture_630.jpg     , 1619246397.30, -92.37, 72.00, 1
capture_631.jpg     , 1619246397.40, -92.37, 72.00, 1
capture_632.jpg     , 1619246397.50, -92.37, 72.00, 1
capture_633.jpg     , 1619246397.60, -92.37, 72.00, 1
capture_634.jpg     , 1619246397.70, -92.37, 72.00, 1
capture_635.jpg     , 1619246397.80, -92.37, 72.00, 1
capture_636.jpg     , 1619246397.90, -92.37, 72.00, 1
capture_637.jpg     , 1619246398.00, -94.66, 76.00, 0
capture_638.jpg     , 1619246398.10, -94.66, 76.00, 0
capture_639.jpg     , 1619246398.20, -94.66, 76.00, 0
capture_640.jpg     , 1619246398.30, -94.66, 76.00, 0
capture_641.jpg     , 1619246398.40, -94.66, 76.00, 0
capture_642.jpg     , 1619246398.50, -94.66, 76.00, 0
capture_643.jpg     , 1619246398.60, -94.66, 76.00, 0
capture_644.jpg     , 1619246398.70, -94.66, 76.00, 0
capture_645.jpg     , 1619246398.80, -94.66, 76.00, 0
capture_646.jpg     , 1619246398.90, -94.66, 76.00, 0
capture_647.jpg     , 1619246399.00, -96.85, 75.00, 1
capture_648.jpg     , 1619246399.10, -96.85, 75.00, 1
capture_649.jpg     , 1619246399.20, -96.85, 75.00, 1
capture_650.jpg     , 1619246399.30, -96.85, 75.00, 1
capture_651.jpg     , 1619246399.40, -96.85, 75.00, 1
capture_652.jpg     , 1619246399.50, -96.85, 75.00, 1
capture_653.jpg     , 1619246399.60, -96.85, 75.00, 1
capture_654.jpg     , 1619246399.70, -96.85, 75.00, 1
capture_655.jpg     , 1619246399.80, -96.85, 75.00, 1
capture_656.jpg     , 1619246399.90, -96.85, 75.00, 1
capture_657.jpg     , 1619246400.00, -102.81, 75.00, 1
capture_658.jpg     , 1619246400.10, -102.81, 75.00, 1
capture_659.jpg     , 1619246400.20, -102.81, 75.00, 1
capture_660.jpg     , 1619246400.30, -102.81, 75.00, 1
capture_661.jpg     , 1619246400.40, -102.81, 75.00, 1
capture_662.jpg     , 1619246400.50, -102.81, 75.00, 1
capture_663.jpg     , 1619246400.60, -102.81, 75.00, 1
capture_664.jpg     , 1619246400.70, -102.81, 75.00, 1
capture_665.jpg     , 1619246400.80, -102.81, 75.00, 1
capture_666.jpg     , 1619246400.90, -102.81, 75.00, 1
capture_667.jpg     , 1619246401.00, -109.75, 75.00, 1
capture_668.jpg     , 1619246401.10, -109.75, 75.00, 1
capture_669.jpg     , 1619246401.20, -109.75, 75.00, 1
capture_670.jpg     , 1619246401.30, -109.75, 75.00, 1
capture_671.jpg     , 1619246401.40, -109.75, 75.00, 1
capture_672.jpg     , 1619246401.50, -109.75, 75.00, 1
capture_673.jpg     , 1619246401.60, -109.75, 75.00, 1
capture_674.jpg     , 1619246401.70, -109.75, 75.00, 1
capture_675.jpg     , 1619246401.80, -109.75, 75.00, 1
capture_676.jpg     , 1619246401.90, -109.75, 75.00, 1
capture_677.jpg     , 1619246402.00, -117.74, 75.00, 1
capture_678.jpg     , 1619246402.10, -117.74, 75.00, 1
capture_679.jpg     , 1619246402.20, -117.74, 75.00, 1
capture_680.jpg     , 1619246402.30, -117.74, 75.00, 1
capture_681.jpg     , 1619246402.40, -117.74, 75.00, 1
capture_682.jpg     , 1619246402.50, -117.74, 75.00, 1
capture_683.jpg     , 1619246402.60, -117.74, 75.00, 1
capture_684.jpg     , 1619246402.70, -117.74, 75.00, 1
capture_685.jpg     , 1619246402.80, -117.74, 75.00, 1
capture_686.jpg     , 1619246402.90, -117.74, 75.00, 1
capture_687.jpg     , 1619246403.00, -126.57, 74.00, 1
capture_688.jpg     , 1619246403.10, -126.57, 74.00, 1
capture_689.jpg     , 1619246403.20, -126.57, 74.00, 1
capture_690.jpg     , 1619246403.30, -126.57, 74.00, 1
capture_691.jpg     , 1619246403.40, -126.57, 74.00, 1
capture_692.jpg     , 1619246403.50, -126.57, 74.00, 1
capture_693.jpg     , 1619246403.60, -126.57, 74.00, 1
capture_694.jpg     , 1619246403.70, -126.57, 74.00, 1
capture_695.jpg     , 1619246403.80, -126.57, 74.00, 1
capture_696.jpg     , 1619246403.90, -126.57, 74.00, 1
capture_697.jpg     , 1619246404.00, -131.02, 75.00, 1
capture_698.jpg     , 1619246404.10, -131.02, 75.00, 1
capture_699.jpg     , 1619246404.20, -131.02, 75.00, 1
capture_700.jpg     , 1619246404.30, -131.02, 75.00, 1
capture_701.jpg     , 1619246404.40, -131.02, 75.00, 1
capture_702.jpg     , 1619246404.50, -131.02, 75.00, 1
capture_703.jpg     , 1619246404.60, -131.02, 75.00, 1
capture_704.jpg     , 1619246404.70, -131.02, 75.00, 1
capture_705.jpg     , 1619246404.80, -131.02, 75.00, 1
capture_706.jpg     , 1619246404.90, -131.02, 75.00, 1
capture_707.jpg     , 1619246405.00, -139.08, 75.00, 1
capture_708.jpg     , 1619246405.10, -139.08, 75.00, 1
capture_709.jpg     , 1619246405.20, -139.08, 75.00, 1
capture_710.jpg     , 1619246405.30, -139.08, 75.00, 1
capture_711.jpg     , 1619246405.40, -139.08, 75.00, 1
capture_712.jpg     , 1619246405.50, -139.08, 75.00, 1
capture_713.jpg     , 1619246405.60, -139.08, 75.00, 1
capture_714.jpg     , 1619246405.70, -139.08, 75.00, 1
capture_715.jpg     , 1619246405.80, -139.08, 75.00, 1
capture_716.jpg     , 1619246405.90, -139.08, 75.00, 1
capture_717.jpg     , 1619246406.00, -143.27, 74.00, 1
capture_718.jpg     , 1619246406.10, -143.27, 74.00, 1
capture_719.jpg     , 1619246406.20, -143.27, 74.00, 1
capture_720.jpg     , 1619246406.30, -143.27, 74.00, 1
capture_721.jpg     , 1619246406.40, -143.27, 74.00, 1
capture_722.jpg     , 1619246406.50, -143.27, 74.00, 1
capture_723.jpg     , 1619246406.60, -143.27, 74.00, 1
capture_724.jpg     , 1619246406.70, -143.27, 74.00, 1
capture_725.jpg     , 1619246406.80, -143.27, 74.00, 1
capture_726.jpg     , 1619246406.90, -143.27, 74.00, 1
capture_727.jpg     , 1619246407.00, -152.43, 75.00, 1
capture_728.jpg     , 1619246407.10, -152.43, 75.00, 1
capture_729.jpg     , 1619246407.20, -152.43, 75.00, 1
capture_730.jpg     , 1619246407.30, -152.43, 75.00, 1
capture_731.jpg     , 1619246407.40, -152.43, 75.00, 1
capture_732.jpg     , 1619246407.50, -152.43, 75.00, 1
capture_733.jpg     , 1619246407.60, -152.43, 75.00, 1
capture_734.jpg     , 1619246407.70, -152.43, 75.00, 1
capture_735.jpg     , 1619246407.80, -152.43, 75.00, 1
capture_736.jpg     , 1619246407.90, -152.43, 75.00, 1
capture_737.jpg     , 1619246408.00, -157.16, 75.00, 1
capture_738.jpg     , 1619246408.10, -157.16, 75.00, 1
capture_739.jpg     , 1619246408.20, -157.16, 75.00, 1
capture_740.jpg     , 1619246408.30, -157.16, 75.00, 1
capture_741.jpg     , 1619246408.40, -157.16, 75.00, 1
capture_742.jpg     , 1619246408.50, -157.16, 75.00, 1
capture_743.jpg     , 1619246408.60, -157.16, 75.00, 1
capture_744.jpg     , 1619246408.70, -157.16, 75.00, 1
capture_745.jpg     , 1619246408.80, -157.16, 75.00, 1
capture_746.jpg     , 1619246408.90, -157.16, 75.00, 1
capture_747.jpg     , 1619246409.00, -166.42, 74.00, 1
capture_748.jpg     , 1619246409.10, -166.42, 74.00, 1
capture_749.jpg     , 1619246409.20, -166.42, 74.00, 1
capture_750.jpg     , 1619246409.30, -166.42, 74.00, 1
capture_751.jpg     , 1619246409.40, -166.42, 74.00, 1
capture_752.jpg     , 1619246409.50, -166.42, 74.00, 1
capture_753.jpg     , 1619246409.60, -166.42, 74.00, 1
capture_754.jpg     , 1619246409.70, -166.42, 74.00, 1
capture_755.jpg     , 1619246409.80, -166.42, 74.00, 1
capture_756.jpg     , 1619246409.90, -166.42, 74.00, 1
capture_757.jpg     , 1619246410.00, -175.18, 74.00, 1
capture_758.jpg     , 1619246410.10, -175.18, 74.00, 1
capture_759.jpg     , 1619246410.20, -175.18, 74.00, 1
capture_760.jpg     , 1619246410.30, -175.18, 74.00, 1
capture_761.jpg     , 1619246410.40, -175.18, 74.00, 1
capture_762.jpg     , 1619246410.50, -175.18, 74.00, 1
capture_763.jpg     , 1619246410.60, -175.18, 74.00, 1
capture_764.jpg     , 1619246410.70, -175.18, 74.00, 1
capture_765.jpg     , 1619246410.80, -175.18, 74.00, 1
capture_766.jpg     , 1619246410.90, -175.18, 74.00, 1
capture_767.jpg     , 1619246411.00, 176.28, 74.00, 1
capture_768.jpg     , 1619246411.10, 176.28, 74.00, 1
capture_769.jpg     , 1619246411.20, 176.28, 74.00, 1
capture_770.jpg     , 1619246411.30, 176.28, 74.00, 1
capture_771.jpg     , 1619246411.40, 176.28, 74.00, 1
capture_772.jpg     , 1619246411.50, 176.28, 74.00, 1
capture_773.jpg     , 1619246411.60, 176.28, 74.00, 1
capture_774.jpg     , 1619246411.70, 176.28, 74.00, 1
capture_775.jpg     , 1619246411.80, 176.28, 74.00, 1
capture_776.jpg     , 1619246411.90, 176.28, 74.00, 1
capture_777.jpg     , 1619246412.00, 167.33, 74.00, 1
capture_778.jpg     , 1619246412.10, 167.33, 74.00, 1
capture_779.jpg     , 1619246412.20, 167.33, 74.00, 1
capture_780.jpg     , 1619246412.30, 167.33, 74.00, 1
capture_781.jpg     , 1619246412.40, 167.33, 74.00, 1
capture_782.jpg     , 1619246412.50, 167.33, 74.00, 1
capture_783.jpg     , 1619246412.60, 167.33, 74.00, 1
capture_784.jpg     , 1619246412.70, 167.33, 74.00, 1
capture_785.jpg     , 1619246412.80, 167.33, 74.00, 1
capture_786.jpg     , 1619246412.90, 167.33, 74.00, 1
capture_787.jpg     , 1619246413.00, 162.83, 74.00, 1
capture_788.jpg     , 1619246413.10, 162.83, 74.00, 1
capture_789.jpg     , 1619246413.20, 162.83, 74.00, 1
capture_790.jpg     , 1619246413.30, 162.83, 74.00, 1
capture_791.jpg     , 1619246413.40, 162.83, 74.00, 1
capture_792.jpg     , 1619246413.50, 162.83, 74.00, 1
capture_793.jpg     , 1619246413.60, 162.83, 74.00, 1
capture_794.jpg     , 1619246413.70, 162.83, 74.00, 1
capture_795.jpg     , 1619246413.80, 162.83, 74.00, 1
capture_796.jpg     , 1619246413.90, 162.83, 74.00, 1
capture_797.jpg     , 1619246414.00, 154.02, 74.00, 1
capture_798.jpg     , 1619246414.10, 154.02, 74.00, 1
capture_799.jpg     , 1619246414.20, 154.02, 74.00, 1
capture_800.jpg     , 1619246414.30, 154.02, 74.00, 1
capture_801.jpg     , 1619246414.40, 154.02, 74.00, 1
capture_802.jpg     , 1619246414.50, 154.02, 74.00, 1
capture_803.jpg     , 1619246414.60, 154.02, 74.00, 1
capture_804.jpg     , 1619246414.70, 154.02, 74.00, 1
capture_805.jpg     , 1619246414.80, 154.02, 74.00, 1
capture_806.jpg     , 1619246414.90, 154.02, 74.00, 1
capture_807.jpg     , 1619246415.00, 145.38, 75.00, 1
capture_808.jpg     , 1619246415.10, 145.38, 75.00, 1
capture_809.jpg     , 1619246415.20, 145.38, 75.00, 1
capture_810.jpg     , 1619246415.30, 145.38, 75.00, 1
capture_811.jpg     , 1619246415.40, 145.38, 75.00, 1
capture_812.jpg     , 1619246415.50, 145.38, 75.00, 1
capture_813.jpg     , 1619246415.60, 145.38, 75.00, 1
capture_814.jpg     , 1619246415.70, 145.38, 75.00, 1
capture_815.jpg     , 1619246415.80, 145.38, 75.00, 1
capture_816.jpg     , 1619246415.90, 145.38, 75.00, 1
capture_817.jpg     , 1619246416.00, 136.82, 74.00, 1
capture_818.jpg     , 1619246416.10, 136.82, 74.00, 1
capture_819.jpg     , 1619246416.20, 136.82, 74.00, 1
capture_820.jpg     , 1619246416.30, 136.82, 74.00, 1
capture_821.jpg     , 1619246416.40, 136.82, 74.00, 1
capture_822.jpg     , 1619246416.50, 136.82, 74.00, 1
capture_823.jpg     , 1619246416.60, 136.82, 74.00, 1
capture_824.jpg     , 1619246416.70, 136.82, 74.00, 1
capture_825.jpg     , 1619246416.80, 136.82, 74.00, 1
capture_826.jpg     , 1619246416.90, 136.82, 74.00, 1
capture_827.jpg     , 1619246417.00, 132.67, 74.00, 1
capture_828.jpg     , 1619246417.10, 132.67, 74.00, 1
capture_829.jpg     , 1619246417.20, 132.67, 74.00, 1
capture_830.jpg     , 1619246417.30, 132.67, 74.00, 1
capture_831.jpg     , 1619246417.40, 132.67, 74.00, 1
capture_832.jpg     , 1619246417.50, 132.67, 74.00, 1
capture_833.jpg     , 1619246417.60, 132.67, 74.00, 1
capture_834.jpg     , 1619246417.70, 132.67, 74.00, 1
capture_835.jpg     , 1619246417.80, 132.67, 74.00, 1
capture_836.jpg     , 1619246417.90, 132.67, 74.00, 1
capture_837.jpg     , 1619246418.00, 124.42, 74.00, 1
capture_838.jpg     , 1619246418.10, 124.42, 74.00, 1
capture_839.jpg     , 1619246418.20, 124.42, 74.00, 1
capture_840.jpg     , 1619246418.30, 124.42, 74.00, 1
capture_841.jpg     , 1619246418.40, 124.42, 74.00, 1
capture_842.jpg     , 1619246418.50, 124.42, 74.00, 1
capture_843.jpg     , 1619246418.60, 124.42, 74.00, 1
capture_844.jpg     , 1619246418.70, 124.42, 74.00, 1
capture_845.jpg     , 1619246418.80, 124.42, 74.00, 1
capture_846.jpg     , 1619246418.90, 124.42, 74.00, 1
capture_847.jpg     , 1619246419.00, 116.68, 74.00, 0
capture_848.jpg     , 1619246419.10, 116.68, 74.00, 0
