timestamp,cm,accel_x,accel_y,accel_z,gyro_x,gyro_y,gyro_z,laser (1=off 0=on)
1619243104.8787544,69.0,1.3742717504501343,0.849941611289978,-9.301473617553711,0.061019908636808395,-0.05515773221850395,0.028777947649359703,b'\x01'
1619243104.8787544,68.0,1.3694833517074585,0.8571242094039917,-9.294290542602539,0.06075344607234001,-0.05515773221850395,0.028777947649359703,b'\x01'
1619243105.8799713,68.0,1.381454348564148,0.8523358106613159,-9.311050415039062,0.059687595814466476,-0.05622358247637749,0.02797855995595455,b'\x01'
1619243105.8799713,69.0,1.3766659498214722,0.8619126081466675,-9.284713745117188,0.06075344607234001,-0.05569066107273102,0.02504747360944748,b'\x01'
1619243106.8811657,69.0,1.3646949529647827,0.8475474119186401,-9.294290542602539,0.05862174555659294,-0.05622358247637749,0.02851148694753647,b'\x01'
1619243106.8811657,68.0,1.37906014919281,0.8427590131759644,-9.30386734008789,0.059687595814466476,-0.0559571199119091,0.028245022520422935,b'\x01'
1619243107.882339,67.0,1.359906554222107,0.849941611289978,-9.29189682006836,0.06528330594301224,-0.05702297389507294,0.028777947649359703,b'\x01'
1619243107.882339,67.0,1.381454348564148,0.8212111592292786,-9.301473617553711,0.0626186802983284,-0.05569066107273102,0.029044410213828087,b'\x01'
1619243108.8836982,69.0,1.3718775510787964,0.8547300100326538,-9.32302188873291,0.04476569592952728,-0.05995405837893486,0.025580398738384247,b'\x01'
1619243109.883891,67.0,1.3646949529647827,0.8451532125473022,-9.294290542602539,0.06155283376574516,-0.05569066107273102,0.029044410213828087,b'\x01'
1619243109.883891,68.0,1.3623007535934448,0.8379706144332886,-9.308655738830566,0.060220520943403244,-0.0559571199119091,0.02797855995595455,b'\x01'
1619243110.8843312,68.0,1.359906554222107,0.8451532125473022,-9.301473617553711,0.060220520943403244,-0.05622358247637749,0.02851148694753647,b'\x01'
1619243110.8843312,67.0,1.3670891523361206,0.8307880163192749,-9.282320022583008,0.060220520943403244,-0.055424198508262634,0.028245022520422935,b'\x01'
1619243111.8855019,68.0,1.3766659498214722,0.828393816947937,-9.289502143859863,0.060220520943403244,-0.05169371888041496,0.027445634827017784,b'\x01'
1619243111.8855019,69.0,1.3934253454208374,0.8882488012313843,-9.299078941345215,0.16680550575256348,-0.0972588062286377,0.025313934311270714,b'\x01'
1619243112.886665,69.0,1.3742717504501343,0.8667010068893433,-9.289502143859863,-0.007727412041276693,-0.03277488425374031,0.03410719707608223,b'\x01'
1619243112.886665,67.0,1.9153614044189453,1.1899182796478271,-9.821015357971191,-0.20970597863197327,-0.051160797476768494,0.47163859009742737,b'\x01'
1619243113.8876932,64.0,2.3080103397369385,3.5697548389434814,-7.9846625328063965,-0.7623491883277893,0.4625788629055023,0.34160488843917847,b'\x01'
1619243114.8888521,62.0,1.9776105880737305,5.154716491699219,-6.615179061889648,-0.8753292560577393,-0.24008269608020782,-0.15428178012371063,b'\x01'
1619243114.8888521,64.0,1.1899182796478271,5.7987565994262695,-7.343016624450684,0.14522205293178558,-0.13776110112667084,-0.4809647500514984,b'\x00'
1619243115.8900318,70.0,b'\xc7\xbc\xbe',5.841852188110352,-7.481880187988281,0.10551914572715759,0.04796324670314789,-0.33334457874298096,b'\x00'
1619243115.8900318,59.0,-0.7709329724311829,6.0836663246154785,-7.139509677886963,-0.12470444291830063,-0.18332618474960327,0.02931087277829647,b'\x00'
1619243116.8908253,63.0,-1.7142484188079834,5.801150798797607,-6.957550048828125,0.197715163230896,-0.12577028572559357,-0.158012256026268,b'\x00'
1619243116.8908253,60.0,-1.8626888990402222,5.5976433753967285,-7.376535415649414,-0.05196018144488335,-0.18545790016651154,-0.006661561783403158,b'\x00'
1619243117.8912945,64.0,-2.188300371170044,6.248866558074951,-6.703764915466309,0.02158346027135849,-0.018652373924851418,0.09619295597076416,b'\x00'
1619243117.8912945,62.0,-1.9847931861877441,6.478709697723389,-6.856993675231934,-0.030909648165106773,-0.0807381272315979,0.01678713597357273,b'\x00'
1619243118.8925602,63.0,-1.5897499322891235,6.528987884521484,-6.746860504150391,0.07993873953819275,-0.0037304747384041548,0.08846554160118103,b'\x00'
1619243119.8932838,70.0,-1.280897855758667,6.497863292694092,-6.830657482147217,0.042900457978248596,-0.036505360156297684,0.05728943273425102,b'\x00'
1619243119.8932838,63.0,-0.9289502501487732,6.4164605140686035,-6.818686485290527,0.07007963210344315,-0.011457886546850204,0.07780704647302628,b'\x00'
1619243120.89446,67.0,-0.4381389021873474,6.543353080749512,-6.938396453857422,0.04583154618740082,0.008260336704552174,0.06981316953897476,b'\x00'
1619243120.89446,69.0,0.26096799969673157,6.66785192489624,-6.897695064544678,0.0559571199119091,0.023448698222637177,0.10765083879232407,b'\x00'
1619243121.8956296,66.0,0.5482721924781799,6.675034523010254
1619243121.8956296,b'\x1e\xdb\xc0',0.05089433491230011,-0.12070750445127487,0.1137794777750969,b'\x00'
1619243121.8956296,69.0,0.5147533416748047,6.540958881378174,-6.856993675231934,0.08633384108543396,-0.19505053758621216,0.01811944879591465,b'\x00'
1619243122.896827,72.0,0.15083470940589905,6.4380083084106445,-7.06528902053833,0.11298009008169174,-0.12497090548276901,-0.016520673409104347,b'\x00'
1619243123.8972306,70.0,-0.44532153010368347,6.327875137329102,-7.237671852111816,0.05622358247637749,-0.11271363496780396,-0.06448391824960709,b'\x00'
1619243123.8972306,68.0,-1.4053963422775269,6.1770405769348145,-7.173028469085693,0.11591117829084396,-0.12550382316112518,-0.052759572863578796,b'\x00'
1619243124.898393,70.0,-2.049436569213867,6.102819919586182,-7.216124057769775,0.08660030364990234,-0.020517610013484955,0.15561409294605255,b'\x00'
1619243124.898393,66.0,-2.4420857429504395,6.007051944732666,-7.0341644287109375,0.13269831240177155,-0.11564471572637558,-0.05222664400935173,b'\x00'
1619243125.8992443,70.0,-3.090914487838745,5.463568210601807,-7.050923824310303,0.1103154644370079,-0.16067688167095184,-0.06874731928110123,b'\x00'
1619243125.8992443,30.0,-3.4308910369873047,5.336675643920898,-7.01979923248291,0.04956202208995819,-0.08953139185905457,-0.026646247133612633,b'\x00'
1619243126.9004307,29.0,-3.8546648025512695,5.178658485412598,-6.861782073974609,-0.0074609494768083096,-0.197715163230896,0.017852986231446266,b'\x00'
1619243126.9004307,33.0,-3.9600095748901367,5.2696380615234375,-6.624756336212158,-0.026646247133612633,b'R',b'\xbe',0.017852986231446266,b'\x00'
1619243127.9016197,67.0,-4.223371982574463,5.154716491699219,-6.5481414794921875,0.13882695138454437,-0.04236753284931183,-0.008793261833488941,b'\x00'
1619243128.90281,70.0,-4.383783340454102,5.056553840637207,-6.7061591148376465,0.08020520955324173,0.0026646247133612633,0.03224195912480354,b'\x00'
1619243128.90281,66.0,-4.333505153656006,5.037400245666504,-6.763619899749756,0.09779173135757446,-0.05302603542804718,0.06874731928110123,b'\x00'
1619243129.9039347,70.0,-4.158728122711182,5.039794445037842,-6.811503887176514,0.03916998580098152,-0.04956202208995819,0.09832465648651123,b'\x00'
1619243129.9039347,35.0,-3.998316764831543,5.03021764755249,-6.854599475860596,0.07167840749025345,0.038104135543107986,0.05995405837893486,b'\x00'
1619243130.9048047,33.0,-3.689464807510376,5.03021764755249,-7.117961883544922,0.06448391824960709,0.025580398738384247,0.04689739644527435,b'\x00'
1619243130.9048047,65.0,-3.4739866256713867,4.797980308532715,-7.156269073486328,-0.019185297191143036,-0.03437365964055061,-0.1729341447353363,b'\x00'
1619243131.9059873,32.0,-3.2154128551483154,4.9799394607543945,-7.275979042053223,0.08286983519792557,-0.10738438367843628,0.08180397748947144,b'\x00'
1619243131.9059873,62.0,-3.6320040225982666,4.7620673179626465,-7.292738437652588,0.14388974010944366,-0.25980091094970703,-0.04476569592952728,b'\x00'
1619243132.907291,72.0,-4.292803764343262,4.613626480102539,-7.082048416137695,0.06315161287784576,-0.08526799082756042,-0.08153752237558365,b'\x00'
1619243133.9084532,73.0,-3.7469255924224854,4.709394931793213,-7.297526836395264,-0.054624807089567184,0.07354364544153214,0.20864012837409973,b'\x00'
1619243133.9084532,65.0,-3.354276657104492,5.003881454467773,-7.314286231994629,0.07807350158691406,-0.1500183790922165,0.11884226649999619,b'\x00'
1619243134.9091904,70.0,-3.4548330307006836,4.879383087158203,-7.24485445022583,0.11617764085531235,-0.11404594779014587,-0.12950076162815094,b'\x00'
1619243134.9091904,74.0,-4.019864559173584,4.78122091293335,-7.3669586181640625,0.061019908636808395,-0.06688208132982254,-0.031709033995866776,b'\x00'
1619243135.9104955,74.0,-4.141968727111816,4.388571739196777,-7.242460250854492,0.0,-0.058088820427656174,-0.00559571199119091,b'\x00'
1619243135.9104955,76.0,-4.0964789390563965,4.4292731285095215,-7.299921035766602,0.05862174555659294,0.03144257143139839,b'\xe1\x10'
1619243135.9104955,b'>',b'\x00'
1619243136.9116876,72.0,-3.667917013168335,4.51067590713501,-7.357381820678711,0.061019908636808395,-0.014122511260211468,0.07887289673089981,b'\x00'
1619243137.9128304,70.0,-3.2106244564056396,4.898536682128906,-7.450755596160889,0.07460949569940567,-0.05942113324999809,0.04396630823612213,b'\x00'
1619243137.9128304,71.0,-3.002328872680664,4.886565685272217,-7.489062786102295,0.046364475041627884,-0.020517610013484955,0.053292494267225266,b'\x00'
1619243138.9138908,72.0,-2.473210334777832,5.12119722366333,-7.649474620819092,0.01119142398238182,0.0034640124067664146,0.12577028572559357,b'\x00'
1619243138.9138908,70.0,-1.7717092037200928,5.286397457122803,-7.682993412017822,0.09432771801948547,0.07754058390855789,0.1484196037054062,b'\x00'
1619243139.9150465,70.0,-0.8212111592292786,5.307945251464844,-7.783549785614014,-0.0053292494267225266,-0.012790199369192123,0.08047167211771011,b'\x00'
1619243139.9150465,71.0,-0.4141969084739685,5.609614372253418,-7.762001991271973,0.03277488425374031,0.008793261833488941,0.0053292494267225266,b'\x00'
1619243140.9168236,71.0,0.2322375625371933,5.568912982940674,-7.582436561584473,0.12790198624134064,0.12070750445127487,0.14708729088306427,b'\x00'
1619243140.9168236,71.0,0.8307880163192749,5.4659624099731445,-7.661445617675781,0.05728943273425102,-0.04236753284931183,-0.030376723036170006,b'\x00'
1619243141.9172652,72.0,-0.033518824726343155,5.652710437774658,-7.903259754180908,0.07620827108621597,-0.22969065606594086,-0.038104135543107986,b'\x00'
1619243142.9184244,71.0,-1.3263877630233765,5.552153587341309,-7.807491779327393,0.01012557465583086,-0.3029678165912628,-0.1894548088312149,b'\x00'
1619243142.9184244,71.0,-2.557007312774658,5.679046630859375,-7.718906402587891,0.20490965247154236,-0.06475038081407547,-0.10152220726013184,b'\x00'
1619243143.9196224,71.0,-2.851494312286377,5.190629482269287,-7.481880187988281,0.10471975803375244,-0.01119142398238182,-0.017053598538041115,b'\x00'
1619243143.9196224,66.0,-2.2409727573394775,4.963180065155029,-7.580042362213135,0.06874731928110123,0.07274425029754639,0.10738438367843628,b'\x00'
1619243144.9208179,67.0,-1.3910311460494995,5.456385612487793,-7.726089000701904,0.02371516078710556,0.07780704647302628,0.18865543603897095,b'\x00'
1619243144.9208179,71.0,0.5578489899635315,5.231330871582031,-7.534552574157715,-0.024248085916042328,0.09832465648651123,0.2208973914384842,b'\x00'
1619243145.922106,72.0,0.9481038451194763,5.789179801940918,-7.6997528076171875,0.09299540519714355,-0.07540887594223022,-0.02291577309370041,b'\x00'
1619243145.922106,72.0,0.629675030708313,5.614402770996094,-7.5417351722717285,0.1252373605966568,-0.0708790197968483,-0.0173200611025095,b'\x00'
1619243146.9233036,72.0,-0.8882488012313843,5.360617637634277,-7.73087739944458,0.11511179059743881,-0.10578560084104538,-0.04263399541378021,b'\x00'
1619243147.9238987,69.0,-1.9991583824157715,5.061342239379883,-7.649474620819092,0.03197549656033516,-0.2486094981431961,-0.09859111160039902,b'\x00'
1619243147.9238987,64.0,-2.097320795059204,5.367800235748291,-7.738059997558594,0.14788667857646942,0.16094334423542023,0.19345174729824066,b'\x00'
1619243148.9251068,69.0,-0.3974374830722809,5.571307182312012,-7.623138427734375,0.024248085916042328,0.17346706986427307,0.16200919449329376,b'\x00'
1619243148.9251068,64.0,0.6943184733390808,5.542576789855957,-7.618350028991699,0.05196018144488335,0.044232770800590515,0.1137794777750969,b'\x00'
1619243149.9265378,64.0,1.0965443849563599,5.760449409484863,-7.524975776672363,0.01811944879591465,-0.013056661002337933,0.03837059438228607,b'\x00'
1619243149.9265378,66.0,1.0342950820922852,5.578489780426025,-7.582436561584473,0.07141194492578506,-0.158012256026268,-0.06315161287784576,b'\x00'
1619243150.9275424,64.0,-0.5817909836769104,5.475539207458496,-7.881711959838867,0.05915467068552971,-0.3669188618659973,-0.2763215899467468,b'\x00'
1619243151.9286785,63.0,-1.5514427423477173,5.542576789855957,-7.613561630249023,0.11671055853366852,-0.09113016724586487,0.014655436389148235,b'\x00'
1619243151.9286785,71.0,-1.920149803161621,5.20978307723999,-7.864952564239502,0.04130168259143829,-0.08979785442352295,0.0074609494768083096,b'\x00'
1619243152.9294043,65.0,-1.522712230682373,5.2265424728393555,-7.869740962982178,b'-r',b'=',0.1745329201221466,-0.0002664624771568924,b'\x00'
1619243152.9294043,70.0,-0.19871874153614044,4.869806289672852,-7.41484260559082,b'4\x8d>',0.02105053700506687,-0.002931087277829647,b'\x00'
1619243153.9297311,64.0,1.2976573705673218,5.571307182312012,-7.182605266571045,b'-r',b'>',0.28271669149398804,0.16334150731563568,b'\x00'
1619243153.9297311,71.0,1.9560627937316895,5.461174011230469,-7.275979042053223,0.0460980087518692,-0.12550382316112518,-0.07540887594223022,b'\x00'
1619243154.9309154,64.0,1.05105459690094,5.518634796142578,-7.352593421936035,0.06075344607234001,-0.4649770259857178,-0.20304441452026367,b'\x00'
1619243154.9309154,63.0,b'\x9b\xd7',b'\xbf',5.578489780426025,-7.618350028991699,0.04050229862332344,-0.1414915770292282,-0.050361406058073044,b'\x00'
1619243155.9322233,64.0,-1.1659762859344482,5.331887245178223,-7.457938194274902,0.013856049627065659,-0.09699234366416931,-0.006661561783403158,b'\x00'
1619243156.9333897,72.0,-1.9728221893310547,5.56173038482666,-7.690176010131836,0.0460980087518692,-0.11271363496780396,-0.02025114931166172,b'\x00'
1619243156.9333897,66.0,-1.6041151285171509,5.702988624572754,-7.675810813903809,0.06741500645875931,0.11617764085531235,0.20997244119644165,b'\x00'
1619243157.9345827,70.0,-0.1388636976480484,5.959167957305908,-7.326257228851318,-0.04663093388080597,0.13909341394901276,0.30883002281188965,b'\x00'
1619243157.9345827,65.0,1.2114660739898682,6.050147533416748,-7.204153060913086,0.008526799269020557,-0.11644410341978073,0.04929555580019951,b'\x00'
1619243158.935767,71.0,b'\xd9\x84'
1619243158.935767,b'?',6.066906929016113,-7.390900611877441,0.07807350158691406,-0.40608882904052734,0.12044104188680649,b'\x00'
1619243158.935767,71.0,-0.8164227604866028,5.583278179168701,-7.687781810760498,0.23262174427509308,-0.4748361110687256,-0.2672618627548218,b'\x00'
1619243159.9369767,71.0,-2.2697031497955322,5.058948040008545,-7.630321025848389,0.12950076162815094,b'\x95\x9c'
1619243159.9369767,b'\xbe',-0.0189188364893198,b'\x00'
1619243159.9369767,70.0,-2.6431987285614014,4.967968463897705,-7.673416614532471,0.08926492929458618,-0.08473506569862366,-0.030909648165106773,b'\x00'
1619243160.9372196,71.0,-2.47560453414917,4.862623691558838,-7.663839817047119,0.059687595814466476,-0.03330780938267708,0.0740765631198883,b'\x00'
1619243161.9383996,70.0,-1.9033904075622559,5.080495834350586,-7.766790390014648,-0.021849922835826874,0.10978253930807114,0.12630322575569153,b'\x00'
1619243161.9383996,69.0,-0.35913026332855225,5.183446884155273,-7.848193168640137,0.01598774828016758,0.06821439415216446,0.2224961668252945,b'\x00'
1619243162.9395664,70.0,0.35913026332855225,5.231330871582031,-7.795520782470703,0.013589587062597275,0.022649310529232025,0.0823369100689888,b'\x01'
1619243162.9395664,70.0,0.1867477297782898,6.023811340332031,-7.4316020011901855,0.23528636991977692,-0.23102296888828278,-0.07833997160196304,b'\x01'
1619243163.9406006,70.0,-0.1867477297782898,5.195417881011963,-7.994239330291748,-0.008260336704552174,-0.1534823775291443,-0.1398928016424179,b'\x01'
1619243163.9406006,71.0,-1.070208191871643,5.6670756340026855,-7.955932140350342,-0.0543583482503891,-0.15374885499477386,-0.12044104188680649,b'\x01'
1619243164.941748,70.0,-1.2018892765045166,4.977545261383057,-7.723694801330566,0.010658498853445053,-0.07674118876457214,-0.10605207085609436,b'\x01'
1619243165.9423435,71.0,-1.5059528350830078,5.856217384338379,-7.6782050132751465,-0.300036758184433,-0.20997244119644165,0.1417580395936966,b'\x01'
1619243165.9423435,71.0,-1.9369091987609863,6.461950302124023,-6.761225700378418,0.03837059438228607,-0.11298009008169174,-0.17719754576683044,b'\x01'
1619243166.9435163,71.0,-2.056619167327881,6.1267619132995605,-6.9240312576293945,0.07434303313493729,-0.01012557465583086,-0.0074609494768083096,b'\x01'
1619243166.9435163,70.0,b'+\x0f'
1619243166.9435163,b'\xc0',6.064512729644775,-6.988674640655518,0.13056661188602448,-0.021316997706890106,-0.09486064314842224,b'\x01'
1619243167.9445744,72.0,-2.470816135406494,6.112396717071533,-6.967126846313477,0.09299540519714355,-0.16227564215660095,0.03916998580098152,b'\x00'
1619243167.9445744,70.0,-2.070984363555908,5.9735331535339355,-6.919242858886719,0.038104135543107986,-0.050361406058073044,0.09086370468139648,b'\x00'
1619243168.9457479,70.0,-0.9720458984375,6.155492782592773,-7.218518257141113,0.0559571199119091,0.08766615390777588,0.11964165419340134,b'\x00'
1619243168.9457479,71.0,0.06224924325942993,6.189011573791504,-7.311892032623291,0.08313629031181335,0.09672587364912033,0.10471975803375244,b'\x00'
1619243169.9469247,70.0,-0.17717093229293823,6.406883716583252,-7.237671852111816,0.058888208121061325,-0.08526799082756042,-0.0642174556851387,b'\x00'
1619243170.9476354,71.0,-0.7565677165985107,6.141127586364746,-7.182605266571045,0.039436448365449905,-0.1859908103942871,-0.05862174555659294,b'\x00'
1619243170.9476354,71.0,-1.647210717201233,6.1530985832214355,-7.2783732414245605,0.056756507605314255,-0.11884226649999619,-0.040768761187791824,b'\x00'
1619243171.9488106,73.0,-2.3271639347076416,6.0621185302734375,-7.091625213623047,0.04663093388080597,-0.12736906111240387,-0.10152220726013184,b'\x00'
1619243171.9488106,71.0,-2.5522189140319824,5.892130374908447,-6.967126846313477,0.08819908648729324,-0.013323123566806316,0.030376723036170006,b'\x00'
1619243172.9500809,66.0,-1.9393033981323242,5.983109951019287,-6.952761650085449,0.04023583605885506,0.03357427194714546,0.13456355035305023,b'\x00'
1619243172.9500809,71.0,-0.8858546018600464,6.160281181335449,-7.319074630737305,0.058888208121061325,0.06075344607234001,0.08766615390777588,b'\x00'
1619243173.9505365,65.0
1619243173.9505365,b'\xe8\x9c<',5.916072368621826,-7.273584842681885,0.13962633907794952,0.194251149892807,0.16920366883277893,b'\x00'
1619243173.9505365,67.0,-0.45250412821769714,6.275202751159668,-7.1921820640563965,0.05196018144488335,-0.1566799432039261,-0.015721285715699196,b'\x00'
1619243174.9517007,69.0,-1.8387469053268433,5.822698593139648,-7.082048416137695,0.07034609466791153,-0.21290351450443268,-0.07620827108621597,b'\x00'
1619243175.9525123,72.0,-2.5474305152893066,5.896918773651123,-6.981492042541504,0.05382541939616203,0.009326186962425709,0.02851148694753647,b'\x00'
1619243175.9525123,66.0,-1.7573440074920654,5.975927352905273,-7.230489253997803,0.03357427194714546,0.08286983519792557,0.167871356010437,b'\x00'
1619243176.9538543,72.0,0.1412578970193863,6.1052141189575195,-7.46033239364624,0.11644410341978073,0.21130475401878357,0.2869800925254822,b'\x00'
1619243176.9538543,65.0,0.950498104095459,6.143521785736084,-7.218518257141113,0.029044410213828087,-0.0023981621488928795,-0.09086370468139648,b'\x00'
1619243177.9550073,67.0,-0.5171475410461426,6.088454723358154,-6.9240312576293945,0.07833997160196304,-0.3240183889865875,b'R',b'\xbe',b'\x00'
1619243177.9550073,71.0,-2.2433669567108154,6.217741966247559,-7.084442615509033,0.04796324670314789,-0.11964165419340134,-0.10072281211614609,b'\x00'
1619243178.9562492,63.0,-1.9129672050476074,5.96874475479126,-6.878541469573975,0.03224195912480354,0.11218070238828659,0.17026951909065247,b'\x00'
1619243179.9574018,65.0,-0.1364694982767105,6.296750545501709,-7.395689010620117,0.11750995367765427,0.2387503832578659,0.3687840700149536,b'\x00'
1619243179.9574018,67.0,0.8092401623725891,6.36378812789917,-7.201758861541748,0.014122511260211468,-0.0642174556851387,-0.09912404417991638,b'\x00'
1619243180.9585912,64.0,-0.3256114423274994,6.179434776306152,-7.223306655883789,0.07540887594223022,-0.277120977640152,-0.1662725806236267,b'\x00'
1619243180.9585912,62.0,-1.580173134803772,6.071695327758789,-7.1706342697143555,0.09139663726091385,-0.2968392074108124,-0.10232159495353699,b'\x00'
1619243181.959742,75.0,-2.2385785579681396,5.961562156677246,-7.141903877258301,0.03224195912480354,-0.13642878830432892,-0.006661561783403158,b'\x00'
1619243181.959742,65.0,-2.5474305152893066,5.9088897705078125,-6.92881965637207,0.02158346027135849,-0.0823369100689888,0.06368453055620193,b'\x01'
1619243182.9610322,70.0,-3.134010076522827,5.367800235748291,-7.2137298583984375,0.2419479340314865,-0.4018254280090332,0.48149770498275757,b'\x01'
1619243182.9610322,69.0,-1.9823989868164062,6.3063273429870605,-6.785167694091797,-0.05489126965403557,-0.11484532803297043,0.5446493029594421,b'\x01'
1619243183.9622245,67.0,-1.3862427473068237,7.026981830596924,-6.366182327270508,-0.10818377137184143,0.1398928016424179,0.40129250288009644,b'\x01'
1619243184.9635022,69.0,-0.6943184733390808,6.610390663146973,-6.586448669433594,0.3493323028087616,-0.37997549772262573,0.2091730386018753,b'\x01'
1619243184.9635022,69.0,-1.7884687185287476,6.5481414794921875,-6.555324077606201,-0.00559571199119091,-0.060220520943403244,-0.04716385900974274,b'\x01'
1619243185.9647036,70.0,-1.7549498081207275,6.291962146759033,-6.892906665802002,0.08127105236053467,-0.06395099312067032,-0.045032158493995667,b'\x01'
1619243185.9647036,69.0,-1.867477297782898,6.361393928527832,-6.995857238769531,0.11671055853366852,-0.11271363496780396,-0.10152220726013184,b'\x00'
1619243186.965901,70.0,-2.3750481605529785,6.045359134674072,-6.964732646942139,0.044232770800590515,b'\xe1\x10'
1619243186.965901,b'\xbe',-0.057555895298719406,b'\x00'
1619243186.965901,70.0,-2.4181437492370605,5.896918773651123,-6.9695210456848145,0.06554976850748062,-0.024781011044979095,0.055424198508262634,b'\x00'
1619243187.9671934,69.0,-2.1068975925445557,6.098031520843506,-7.110779285430908,0.06661561876535416,-0.028245022520422935,0.09139663726091385,b'\x00'
1619243187.9671934,69.0,-1.5275006294250488,6.119579315185547,-7.0988078117370605,0.08846554160118103,0.059687595814466476,0.10285452008247375,b'\x00'
1619243188.9683673,69.0,-0.43095630407333374,6.071695327758789,-7.307103633880615,0.10578560084104538,0.1071179136633873,0.15268300473690033,b'\x00'
1619243189.969683,69.0,0.5051765441894531,6.028599739074707,-7.407660007476807,0.08047167211771011,0.04130168259143829,0.10418683290481567,b'\x00'
1619243189.969683,69.0,1.1228805780410767,6.009446144104004,-7.402871608734131,0.0543583482503891,0.0189188364893198,0.04103522002696991,b'\x00'
1619243190.9708598,70.0,1.2497732639312744,5.980715751647949,-7.247248649597168,0.03197549656033516,-0.014655436389148235,-0.05728943273425102,b'\x00'
1619243190.9708598,68.0,1.2449848651885986,6.232107162475586,-7.314286231994629,0.09299540519714355,-0.037304747849702835,-0.006128636654466391,b'\x00'
1619243191.9721115,69.0,0.6943184733390808,6.081272125244141,-7.386112213134766,0.05728943273425102,-0.16067688167095184,-0.029577335342764854,b'\x00'
1619243191.9721115,68.0,0.14604631066322327,6.035782337188721,-7.374141216278076,0.06661561876535416,-0.1430903524160385,-0.012790199369192123,b'\x00'
1619243192.973244,69.0,-0.7805097699165344,6.138733386993408,-7.168240070343018,0.012257273308932781,-0.19638285040855408,-0.05702297389507294,b'\x00'
1619243192.973244,b'\x00'
1619243193.9743993,69.0,-1.5298948287963867,6.296750545501709,-6.876147270202637,0.0053292494267225266,-0.11298009008169174,-0.008526799269020557,b'\x00'
1619243193.9743993,70.0,-2.1930887699127197,6.476315498352051,-6.658275127410889,-0.07327718287706375,-0.17986217141151428,-0.05862174555659294,b'\x00'
1619243194.9755769,69.0,-2.75812029838562,6.658275127410889,-6.203376770019531,0.06448391824960709,-0.06395099312067032,-0.026113322004675865,b'\x00'
1619243194.9755769,69.0,-2.6815059185028076,6.517016887664795,-6.550535678863525,0.1846584975719452,0.11111485213041306,0.102055124938488,b'\x00'
1619243195.9770787,68.0,-0.9457096457481384,6.117185115814209,-7.196970462799072,0.1529494673013687,0.08473506569862366,0.16680550575256348,b'\x00'
1619243195.9770787,69.0,0.2537853717803955,6.035782337188721,-7.400477409362793,0.09566003084182739,0.17932924628257751,0.2502082586288452,b'\x00'
1619243196.978245,69.0,1.522712230682373,5.8203043937683105,-7.223306655883789,0.03757121041417122,b'\xb1',b'/>',0.21157120168209076,b'\x00'
1619243196.978245,69.0,1.8171991109848022,5.949591159820557,-7.352593421936035,0.030110260471701622,-0.08313629031181335,-0.0045298621989786625,b'\x00'
1619243197.9794219,69.0,0.9026140570640564,5.796362400054932,-7.230489253997803,-0.006928024813532829,-0.3591914176940918,-0.18039509654045105,b'\x00'
1619243198.9805462,69.0,-0.8212111592292786,5.987898349761963,-6.981492042541504,-0.010924961417913437,-0.27925267815589905,-0.024248085916042328,b'\x00'
1619243198.9805462,69.0,-2.2218191623687744,6.481103897094727,-6.490680694580078,-0.05835527926683426,-0.2534058094024658,-0.1582787185907364,b'\x00'
1619243199.9814003,70.0,-2.7461493015289307,6.493074893951416,-6.75883150100708,0.05196018144488335,-0.04369984567165375,-0.027445634827017784,b'\x00'
1619243199.9814003,68.0,-0.9864110946655273,6.536170482635498,-7.433996200561523,0.14948543906211853,0.5017488598823547,0.44392648339271545,b'\x00'
1619243200.9825861,69.0,0.7589619159698486,5.928043365478516,-7.51779317855835,0.1071179136633873,0.05062786862254143,0.1532159149646759,b'\x00'
1619243200.9825861,68.0,1.3192051649093628,5.841852188110352,-7.601590633392334,0.05489126965403557,0.0444992333650589,0.06155283376574516,b'\x00'
1619243201.983816,69.0,1.7477672100067139,5.748478412628174,-7.508216381072998,0.07833997160196304,0.008260336704552174,-0.010924961417913437,b'\x00'
1619243201.983816,69.0,1.37906014919281,5.7987565994262695,-7.60637903213501,0.09672587364912033,-0.11617764085531235,0.027445634827017784,b'\x00'
1619243202.984979,69.0,0.8475474119186401,5.705382823944092,-7.474697589874268,0.05489126965403557,-0.15907810628414154,-0.07354364544153214,b'\x00'
1619243203.986067,68.0,-0.272938996553421
1619243203.986067,b'\x03\xbc@',-7.491456985473633,0.1318989247083664,-0.171335369348526,-0.08313629031181335,b'\x00'
1619243203.986067,68.0,-0.8858546018600464,5.808333396911621,-7.343016624450684,0.057555895298719406,-0.15907810628414154,-0.03277488425374031,b'\x00'
1619243204.9871945,69.0,-1.7405846118927002,6.007051944732666,-7.180211067199707,0.04956202208995819,-0.11910872906446457,-0.08660030364990234,b'\x00'
1619243204.9871945,69.0,-2.3918075561523438,5.935225963592529,-7.103596210479736,0.02371516078710556,-0.1287013739347458,-0.09113016724586487,b'\x00'
1619243205.988332,69.0,-2.6431987285614014,5.774814605712891,-7.316680431365967,0.17399999499320984,-0.03703828155994415,-0.025580398738384247,b'\x00'
1619243205.988332,69.0,-2.7126305103302,5.22175407409668,-7.5201873779296875,0.06341806799173355,-0.013589587062597275,0.0378376729786396,b'\x00'
1619243206.9893289,68.0,-1.8148049116134644,5.212177276611328,-7.750030994415283,0.08153752237558365,-0.019718224182724953,0.036505360156297684,b'\x00'
1619243206.9893289,68.0,-0.8475474119186401,5.17626428604126,-7.920019149780273,0.08633384108543396,0.07967228442430496,0.19132006168365479,b'\x00'
1619243207.9902296,68.0,0.090979665517807,5.185841083526611,-7.99184513092041,0.16067688167095184,0.13376416265964508,0.15081775188446045,b'\x00'
1619243208.9905245,68.0,0.9241618514060974,4.865017890930176,-8.133103370666504,0.07967228442430496,0.03224195912480354,0.14229096472263336,b'\x00'
1619243208.9905245,68.0,1.3551181554794312,4.721365928649902,-8.176198959350586,0.07007963210344315,-0.008793261833488941,0.07381010800600052,b'\x00'
1619243209.9910002,68.0,1.6496049165725708,4.4939165115356445,-8.13789176940918,0.058088820427656174,-0.12337213009595871,0.011457886546850204,b'\x00'
1619243209.9910002,68.0,-0.08140286058187485,4.697423934936523,-8.238448143005371,-0.02078407257795334,-0.3098958730697632,-0.04796324670314789,b'\x00'
1619243210.9922633,69.0,-1.8195933103561401,5.173870086669922,-7.903259754180908,-0.06395099312067032,b'\x9d\xee\xbe',-0.22009801864624023,b'\x00'
1619243210.9922633,68.0,-1.889025092124939,5.647922039031982,-7.860164165496826,b'-r',b'>',0.2078407257795334,0.20064625144004822,b'\x00'
1619243211.993596,68.0,0.9361328482627869,5.781997203826904,-7.7213006019592285,0.1859908103942871,0.131632462143898,0.31096169352531433,b'\x00'
1619243212.9947217,68.0,1.2186486721038818,4.963180065155029,-7.793126583099365,0.07061255723237991,-0.21823276579380035,-0.14362327754497528,b'\x00'
1619243212.9947217,68.0,-0.8475474119186401,5.578489780426025,-7.6997528076171875,-0.12630322575569153,-0.3258835971355438,-0.300303190946579,b'\x00'
1619243213.9958782,68.0,-2.0925323963165283,6.112396717071533,-7.105990409851074,-0.1878560483455658,-0.23262174427509308,-0.03970290720462799,b'\x00'
1619243213.9958782,67.0,-1.4532804489135742,6.325480937957764,-6.773196697235107,0.08260336518287659,0.1929188370704651,0.30216845870018005,b'\x00'
1619243214.9970357,68.0,0.6919242739677429,6.143521785736084,-7.3454108238220215,0.1529494673013687,0.06848085671663284,0.14548850059509277,b'\x00'
1619243214.9970357,68.0,1.5897499322891235,5.547365188598633,-7.692570209503174,0.019984684884548187,-0.3397396504878998,0.09699234366416931,b'\x00'
1619243215.9975684,68.0,-0.090979665517807,5.947196960449219,-7.364564418792725,-0.019185297191143036,-0.303500771522522,-0.28431546688079834,b'\x00'
1619243215.9975684,68.0,-1.5658079385757446,5.980715751647949,-7.19936466217041,0.007727412041276693,-0.2765880525112152,-0.03330780938267708,b'\x00'
1619243216.998732,68.0,-1.45806884765625,6.48828649520874,-7.113173484802246,0.06874731928110123,0.1910535991191864,0.21476876735687256,b'\x00'
1619243217.999971,68.0,0.363918662071228,6.449979305267334,-7.3454108238220215,0.12736906111240387,0.48869219422340393,0.44579172134399414,b'\x00'
1619243217.999971,68.0,1.1228805780410767,5.552153587341309,-7.29034423828125,-0.0037304747384041548,-0.3192220628261566,0.037304747849702835,b'\x00'
1619243219.0011392,68.0,-1.036689281463623,6.509834289550781,-6.672640323638916,-0.10578560084104538,-0.3935650587081909,-0.3770444095134735,b'\x00'
1619243219.0011392,69.0,-2.2194249629974365,7.307103633880615,-5.7987565994262695,-0.13243184983730316,-0.19531700015068054,-0.19851453602313995,b'\x00'
1619243220.0024786,68.0,-1.1779472827911377,6.806715488433838,-6.3063273429870605,0.10738438367843628,0.0007993874605745077,0.08047167211771011,b'\x00'
1619243220.0024786,68.0,-2.6623523235321045,7.594407558441162,-5.477933406829834,-0.15721285343170166,-0.33227869868278503,-0.09192955493927002,b'\x00'
1619243221.0036461,68.0,-1.7860745191574097,7.546523571014404,-6.0621185302734375,0.2763215899467468,0.3080306351184845,0.35332924127578735,b'\x00'
1619243221.0036461,68.0,0.4836287498474121,6.5481414794921875,-6.971915245056152,0.2717917263507843,0.13269831240177155,0.20704135298728943,b'\x00'
1619243222.004909,68.0,1.0797849893569946,6.184223175048828,-7.422025203704834,0.06208575889468193,-0.014921898953616619,-0.1665390431880951,b'\x00'
1619243223.0060399,67.0,-0.26575639843940735,6.370970726013184,-7.000645637512207,0.037304747849702835,-0.19984684884548187,-0.13642878830432892,b'\x00'
1619243223.0060399,68.0,-2.0422539710998535,6.6127848625183105,-6.562506675720215,0.007727412041276693,-0.1697366088628769,-0.18652373552322388,b'\x00'
1619243224.0072212,68.0,-2.473210334777832,6.739677906036377,-6.624756336212158,0.23821745812892914,0.14948543906211853,0.22036448121070862,b'\x00'
1619243224.0072212,67.0,-0.3734954595565796,6.256049156188965,-6.672640323638916,0.2403491586446762,0.20837366580963135,0.2717917263507843,b'\x00'
1619243225.0084095,68.0,1.0773907899856567,6.0621185302734375,-7.249642848968506,0.10445328801870346,0.14921899139881134,0.1910535991191864,b'\x00'
1619243225.0084095,67.0,0.7709329724311829,6.248866558074951,-7.359776020050049,0.09859111160039902,-0.0905972421169281,-0.08366922289133072,b'\x00'
1619243226.0096276,68.0,-0.5219359993934631,6.191405773162842,-7.108384609222412,0.045032158493995667,-0.2963062524795532,-0.21716691553592682,b'\x00'
1619243227.0107806,68.0,-1.7286136150360107,6.270414352416992,-6.9240312576293945,0.0807381272315979,-0.17399999499320984,-0.0905972421169281,b'\x00'
1619243227.0107806,68.0,-2.4181437492370605,5.746084213256836,-6.921637058258057,0.030909648165106773,-0.10658498853445053,-0.08766615390777588,b'\x00'
1619243228.011939,68.0,-2.5258827209472656,6.01423454284668,-6.912060260772705,0.08953139185905457,-0.08526799082756042,0.06714854389429092,b'\x01'
1619243228.011939,69.0,-2.911349296569824,5.3582234382629395,-7.297526836395264,0.11298009008169174,-0.08020520955324173,-0.016254210844635963,b'\x01'
1619243229.0131044,23.0,-3.313575267791748,5.013458251953125,-7.295132637023926,0.24914240837097168,0.030110260471701622,-0.06848085671663284,b'\x01'
1619243229.0131044,67.0,-1.070208191871643,4.797980308532715,-7.709329605102539,0.05702297389507294,0.3525298535823822,0.3346768915653229,b'\x01'
1619243230.0142756,61.0,-0.40222588181495667,6.222530364990234,-7.232883453369141,0.572361409664154,-0.22302909195423126,0.5776906609535217,b'\x01'
1619243230.0142756,58.0,0.6368576288223267,7.620744228363037,-5.861005783081055,-1.1623094081878662,-0.04822970926761627,0.09006431698799133,b'\x01'
1619243231.0154567,60.0,1.6639702320098877,9.543288230895996,-2.4612393379211426,-0.3397396504878998,0.11084839701652527,0.9547350406646729,b'\x01'
1619243232.0157423,57.0,-1.5682021379470825,9.315838813781738,0.4429273009300232,-1.0093598365783691,-0.21530167758464813,-0.2587350606918335,b'\x01'
1619243232.0157423,56.0,-1.3431471586227417,10.055646896362305,2.765302896499634,0.03916998580098152,0.18679021298885345,-0.09832465648651123,b'\x01'
1619243233.0169199,57.0,-1.5705963373184204,9.727641105651855,2.406172752380371,0.05995405837893486,0.20490965247154236,-0.1382940262556076,b'\x00'
1619243233.0169199,58.0,-1.7381904125213623,9.47146224975586,2.0614075660705566,0.06608269363641739,-0.0724777951836586,0.03437365964055061,b'\x00'
1619243234.0180962,58.0,-2.1308395862579346,9.591172218322754,1.941697597503662,0.06954670697450638,-0.04316692054271698,-0.0023981621488928795,b'\x00'
1619243234.0180962,59.0,-2.3127987384796143,9.636661529541016,1.7094600200653076,0.14921899139881134,-0.10418683290481567,-0.005862174555659294,b'\x00'
1619243235.0192797,59.0,-2.2912509441375732,9.555258750915527,1.7836803197860718,0.06288514286279678,-0.1332312375307083,0.05515773221850395,b'\x00'
1619243235.0192797,60.0,-2.188300371170044,9.44752025604248,1.7501614093780518,0.05728943273425102,-0.061019908636808395,0.039436448365449905,b'\x00'
1619243236.0206459,60.0,-2.5043349266052246,9.387664794921875,1.647210717201233,0.14468912780284882,-0.008526799269020557,-0.10898315161466599,b'\x00'
1619243237.020925,62.0,-3.4787750244140625,8.968679428100586,1.4197616577148438,0.15694640576839447,0.12124042212963104,-0.372248113155365,b'\x00'
1619243237.020925,62.0,-4.067748546600342,9.009381294250488,1.173158884048462,0.03250842168927193,-0.16174273192882538,-0.060220520943403244,b'\x00'
1619243238.0215685,62.0,-4.05817174911499,8.951920509338379,0.9528923034667969,0.08446860313415527,-0.053292494267225266,0.04822970926761627,b'\x00'
1619243238.0215685,62.0,-4.443638324737549,8.844181060791016,0.828393816947937,0.06901378184556961,-0.131632462143898,0.055424198508262634,b'\x00'
1619243239.0227954,62.0,-4.129997730255127,8.882488250732422,0.667982280254364,0.09619295597076416,-0.14442266523838043,0.05169371888041496,b'\x00'
1619243239.0227954,62.0,-3.9169139862060547,8.999804496765137,0.8259995579719543,-0.012790199369192123,0.07807350158691406,0.01252373680472374,b'\x00'
1619243240.023983,62.0,-3.9647979736328125,8.995016098022461,0.6560112833976746,0.04876263439655304,0.0626186802983284,0.0173200611025095,b'\x00'
1619243240.023983,61.0,-3.6990416049957275,8.93037223815918,0.7254431247711182,0.04476569592952728,-0.09086370468139648,0.07007963210344315,b'\x00'
1619243241.0252068,61.0,-3.6607344150543213,9.29189682006836,0.5003881454467773,0.10578560084104538,-0.10098928213119507,0.09805818647146225,b'\x00'
1619243242.0263436,61.0,-2.7724854946136475,9.387664794921875,0.5315127968788147,-0.009059724397957325,-0.16414088010787964,0.48309648036956787,b'\x00'
1619243242.0263436,61.0,-2.5474305152893066,9.610325813293457,0.7493851184844971,0.07167840749025345,0.08340275287628174,0.02584685944020748,b'\x00'
1619243243.027185,61.0,-2.4851813316345215,9.653421401977539,0.5961562395095825,0.08660030364990234,0.03757121041417122,0.022116385400295258,b'\x00'
1619243243.027185,61.0,-2.2242133617401123,9.785101890563965,0.5506663918495178,0.12630322575569153,-0.023448698222637177,0.14548850059509277,b'\x00'
1619243244.0283232,61.0,-1.9800047874450684,9.713275909423828,0.47644615173339844,0.05915467068552971,-0.13216538727283478,0.051160797476768494,b'\x00'
1619243244.0283232,61.0,b'\xfd\xfa\xbf',9.667786598205566,0.42616790533065796,0.12736906111240387,-0.10445328801870346,0.045032158493995667,b'\x00'
1619243245.0298276,61.0,-1.8794482946395874,9.852140426635742,0.40222588181495667,0.08473506569862366,-0.12177335470914841,0.051160797476768494,b'\x00'
1619243246.0309691,61.0
1619243246.0309691,b'\x1e\xdb\xbf',9.861717224121094,0.4620809257030487,0.09939049929380417,-0.03703828155994415,0.11990811675786972,b'\x00'
1619243246.0309691,61.0,-1.3215993642807007,9.828198432922363,0.507570743560791,-0.0018652373692020774,0.02851148694753647,0.07887289673089981,b'\x00'
1619243247.032206,61.0,-1.2425906658172607,9.876082420349121,0.5554547905921936,-0.02931087277829647,0.006661561783403158,0.028245022520422935,b'\x00'
1619243247.032206,61.0,-1.3120225667953491,9.890447616577148,0.5913678407669067,0.09859111160039902,0.026912709698081017,0.03703828155994415,b'\x00'
1619243248.033601,61.0,-0.8978256583213806,9.90241813659668,b'\xc7<?',0.06448391824960709,-0.10791730135679245,0.08207044005393982,b'\x00'
1619243248.033601,61.0,-0.5626373887062073,9.856928825378418,0.5363011956214905,0.05142726004123688,-0.09406124800443649,0.04263399541378021,b'\x00'
1619243249.0338712,61.0,-0.768538773059845,9.859322547912598,0.4812345504760742,0.03410719707608223,-0.1534823775291443,0.03330780938267708,b'\x00'
1619243249.0338712,61.0,-0.9576807022094727,9.99339771270752,0.5793967843055725,0.09699234366416931,-0.10924961417913437,-0.028777947649359703,b'\x00'
1619243250.034338,61.0,-0.45489832758903503,9.904812812805176,0.5171475410461426,0.08446860313415527,0.007194486912339926,0.29763856530189514,b'\x00'
1619243251.0354903,61.0,0.17238251864910126,10.067618370056152,0.6967126727104187,0.07487595826387405,0.06075344607234001,-0.01012557465583086,b'\x00'
1619243251.0354903,61.0,-0.0071826050989329815,10.050858497619629,0.8355764150619507,0.08286983519792557,0.07301072031259537,0.019185297191143036,b'\x00'
1619243252.0361881,62.0,0.38546648621559143,10.04846477508545,0.6512228846549988,-0.049828484654426575,-0.09645941853523254,0.1929188370704651,b'\x00'
1619243252.0361881,61.0,0.4884171485900879,9.856928825378418,0.4620809257030487,0.1287013739347458,-0.20864012837409973,-0.019185297191143036,b'\x00'
1619243253.0373878,61.0,0.3016694188117981,10.036493301391602,0.1628057211637497,0.0889984667301178,-0.22489432990550995,0.029044410213828087,b'\x00'
1619243253.0373878,61.0,0.5386953949928284,10.012551307678223,0.22266076505184174,0.008793261833488941,-0.11218070238828659,0.17693108320236206,b'\x00'
1619243254.038547,62.0,1.048660397529602,9.9000244140625,0.363918662071228,0.00559571199119091,0.0642174556851387,0.03250842168927193,b'\x00'
1619243254.038547,61.0,0.8619126081466675,10.065223693847656,0.35673606395721436,0.10924961417913437,0.08713322877883911,0.025580398738384247,b'\x00'
1619243255.039663,61.0,1.1635819673538208,9.964667320251465
1619243255.039663,b'\xe8\x9c>',0.15721285343170166,-0.04050229862332344,0.1534823775291443,b'\x00'
1619243256.0405362,61.0,1.53707754611969,9.840168952941895,0.12928688526153564,0.050361406058073044,-0.1862572729587555,-0.020517610013484955,b'\x00'
1619243256.0405362,61.0,1.290474772453308,9.926360130310059,-0.07182604819536209,0.05649004504084587,-0.12550382316112518,0.04663093388080597,b'\x00'
1619243257.0417533,61.0,1.0869675874710083,9.86650562286377,-0.15083470940589905,0.11724349111318588,-0.13616232573986053,0.030376723036170006,b'\x00'
1619243257.0417533,62.0,1.522712230682373,9.801861763000488,-0.29209262132644653,0.05835527926683426,-0.06075344607234001,0.11271363496780396,b'\x00'
1619243258.0430195,61.0,1.6831238269805908,9.919178009033203,0.08379705995321274,0.0002664624771568924,0.12070750445127487,-0.004263399634510279,b'\x00'
1619243258.0430195,61.0,1.5682021379470825,10.010157585144043,0.5315127968788147,0.056756507605314255,0.06688208132982254,0.04130168259143829,b'\x00'
1619243259.043863,62.0,1.7932571172714233,9.768342971801758
1619243259.043863,b'\xe8\x9c>',0.07594180852174759,-0.03277488425374031,0.09566003084182739,b'\x00'
1619243260.0449848,62.0,1.9728221893310547,9.801861763000488,0.16759411990642548,0.1087166965007782,-0.18998774886131287,0.03837059438228607,b'\x00'
1619243260.0449848,61.0,1.8291701078414917,9.799467086791992,-0.1628057211637497,0.0905972421169281,-0.2139693647623062,-0.047696780413389206,b'\x00'
1619243261.046156,61.0,1.5658079385757446,9.93593692779541,-0.5171475410461426,0.08313629031181335,-0.18892189860343933,0.013056661002337933,b'\x00'
1619243261.046156,62.0,1.8579005002975464,9.801861763000488,-0.6607996821403503,0.04023583605885506,-0.0023981621488928795,0.10845022648572922,b'\x00'
1619243262.0472994,61.0,2.1978771686553955,9.660603523254395,-0.40701428055763245,-0.009859112091362476,0.10098928213119507,-0.006928024813532829,b'\x00'
1619243262.0472994,62.0,2.1308395862579346,9.773131370544434,-0.011971008032560349,0.05649004504084587,0.07514242082834244,-0.039436448365449905,b'\x00'
1619243263.0484726,61.0,0.8786720037460327,9.794678688049316,-0.47644615173339844,0.09033077955245972,-0.065816231071949,-0.32508420944213867,b'\x00'
1619243263.0484726,62.0,-1.0103530883789062,9.619902610778809,-1.5705963373184204,0.2454119473695755,-0.35306277871131897,-0.20810718834400177,b'\x00'
1619243264.0497315,63.0,-2.4229321479797363,9.186552047729492,b'\x06',b'\x01\xc0',0.14628790318965912,-0.28911179304122925,0.04796324670314789,b'\x00'
1619243265.0505297,64.0,-2.734178304672241,8.827422142028809,-2.4133553504943848,0.18066155910491943,-0.11537826061248779,-0.14548850059509277,b'\x00'
1619243265.0505297,64.0,-2.8993782997131348,9.028534889221191,-3.2585084438323975,0.0839356780052185,0.029843797907233238,0.21823276579380035,b'\x00'
1619243266.0516856,63.0,-1.0438719987869263,9.720458984375,-2.7916390895843506,0.1811944842338562,0.11644410341978073,0.5483797788619995,b'\x00'
1619243266.0516856,63.0,0.9744400978088379,9.478644371032715,-2.0231003761291504,0.08686677366495132,0.36158958077430725,0.06821439415216446,b'\x00'
1619243267.0522578,62.0,0.47165772318840027,9.030928611755371,-3.3446998596191406,-0.09992342442274094,-0.15055130422115326,-0.24008269608020782,b'\x01'
1619243267.0522578,62.0,-0.0071826050989329815,9.361329078674316,b'\x1f',b'\x14\xc0',0.07327718287706375,-0.23342111706733704,0.03970290720462799,b'\x00'
1619243268.0534039,63.0,-1.335964560508728,9.476250648498535,b'a\xb0',b'\xc0',0.25154057145118713,-0.17080244421958923,-0.1745329201221466,b'\x00'
1619243268.0534039,64.0,-2.1954829692840576,8.932766914367676,-2.9448680877685547,0.1236385926604271,-0.09006431698799133,-0.08500153571367264,b'\x00'
1619243269.05385,64.0,-2.8658595085144043,8.611943244934082,-3.426102638244629,0.16707198321819305,-0.11591117829084396,0.047696780413389206,b'\x00'
1619243270.0549746,65.0,-2.583343744277954,8.516175270080566,-3.845088005065918,0.09699234366416931,-0.0807381272315979,0.03064318373799324,b'\x00'
1619243270.0549746,65.0,-2.4468741416931152,8.60236644744873,-4.05817174911499,0.04716385900974274,-0.08500153571367264,0.1268361359834671,b'\x00'
1619243271.056158,65.0,-2.3942017555236816,8.609549522399902,-4.005499362945557,0.02797855995595455,-0.12070750445127487,-0.023182237520813942,b'\x00'
1619243271.056158,66.0,-2.10210919380188,8.418013572692871,-4.010287761688232,0.03757121041417122,-0.1284349113702774,0.08953139185905457,b'\x00'
1619243272.0573997,65.0,-1.8914192914962769,8.564059257507324,-4.2544965744018555,-0.05569066107273102,-0.0026646247133612633,0.15028484165668488,b'\x00'
1619243272.0573997,65.0,-0.9050082564353943,b'D\xa2'
1619243272.0573997,b'A',-4.304774761199951,0.08606737852096558,0.04316692054271698,0.21636754274368286,b'\x00'
1619243273.0585506,65.0,b'\xc7<\xbe',8.875306129455566,-4.321534156799316,0.056756507605314255,-0.01039203628897667,0.13909341394901276,b'\x00'
1619243273.0585506,64.0,0.47165772318840027,9.006986618041992,-3.9240965843200684,0.00559571199119091,b'\x95\x9c'
1619243273.0585506,b'=',0.13083307445049286,b'\x00'
1619243274.0597243,65.0,0.871489405632019,9.047688484191895,-3.6343982219696045,0.0626186802983284,0.014655436389148235,-0.14202450215816498,b'\x00'
1619243275.0609562,64.0,-0.2825157940387726,8.999804496765137,-3.8594532012939453,0.08286983519792557,-0.14122511446475983,-0.16707198321819305,b'\x00'
1619243275.0609562,64.0,-1.4987702369689941,8.56884765625,-3.9432501792907715,0.20037978887557983,-0.18812249600887299,-0.3178897500038147,b'\x00'
1619243276.0621133,64.0,-1.920149803161621,8.60236644744873,-4.355052947998047,0.03890352323651314,0.04023583605885506,0.09139663726091385,b'\x00'
1619243276.0621133,64.0,-0.5291185975074768,b'\xa7\x8e'
1619243276.0621133,b'A',-4.417302131652832,-0.034640122205019,0.044232770800590515,0.2523399591445923,b'\x00'
1619243277.062738,65.0,1.2976573705673218,8.925583839416504,-3.7684733867645264,0.0015987749211490154,0.04236753284931183,0.25633689761161804,b'\x00'
1619243277.062738,64.0,0.9552865028381348,9.11233139038086,-3.665522813796997,0.05382541939616203,-0.19078712165355682,-0.22302909195423126,b'\x00'
1619243278.0640185,65.0,-1.4628572463989258,8.877699851989746,-3.7924153804779053,0.09352833032608032,-0.20304441452026367,-0.07860642671585083,b'\x00'
1619243279.0651393,64.0,-0.608127236366272,9.193734169006348,-3.7876269817352295,-0.04876263439655304,0.20357733964920044,0.48815926909446716,b'\x00'
1619243279.0651393,65.0,1.2880805730819702,9.174580574035645,-3.021482467651367,-0.0015987749211490154,0.033041346818208694,0.17826339602470398,b'\x00'
1619243280.066292,64.0,0.7326257228851318,9.442731857299805,-2.8778305053710938,0.07674118876457214,-0.13269831240177155,-0.23661868274211884,b'\x00'
1619243280.066292,64.0
1619243280.066292,b'\xe8\x1c\xbf',9.320627212524414,-3.0190882682800293,0.16200919449329376,-0.1252373605966568,-0.15854516625404358,b'\x00'
1619243281.0674775,65.0,-1.1971008777618408,9.14585018157959,-3.1100680828094482,0.06528330594301224,0.006928024813532829,-0.05222664400935173,b'\x00'
1619243281.0674775,64.0,-0.19632454216480255,9.160215377807617,-2.9975404739379883,-0.006661561783403158,0.006128636654466391,0.3967626392841339,b'\x00'
1619243282.0686684,64.0,1.824381709098816,9.404424667358398,-2.5785553455352783,0.0937947928905487,0.10605207085609436,0.19824808835983276,b'\x00'
1619243282.0686684,63.0,0.5770025849342346,9.349357604980469,-2.8131868839263916,0.16200919449329376,-0.15774579346179962,-0.2656630873680115,b'\x00'
1619243283.0698493,64.0,-1.3886369466781616,8.901641845703125,-3.28963303565979,0.17746400833129883,0.0015987749211490154,-0.2011791616678238,b'\x00'
1619243284.0711749,64.0,0.0694318488240242,8.611943244934082,-3.026270866394043,-0.2502082586288452,0.12790198624134064,0.7333047389984131,b'\x00'
1619243284.0711749,64.0,1.7381904125213623,b'\xa7\x8e'
1619243284.0711749,b'A',-2.8371291160583496,-0.05515773221850395,-0.004263399634510279,0.19345174729824066,b'\x00'
1619243285.0725636,64.0,-0.12449848651885986,8.585607528686523,-3.3207578659057617,0.395430326461792,-0.2371516078710556,-0.7660796642303467,b'\x00'
1619243285.0725636,64.0,-1.577778935432434,9.069235801696777,-4.01268196105957,0.022649310529232025,-0.0173200611025095,0.026646247133612633,b'\x00'
1619243286.0737317,63.0,0.3208230137825012,9.196128845214844,-3.1699230670928955,-0.04663093388080597,-0.003197549842298031,0.43380090594291687,b'\x00'
1619243286.0737317,63.0,1.3120225667953491,8.949525833129883,-2.0829553604125977,-0.1929188370704651,-0.07167840749025345,-0.25926798582077026,b'\x00'
1619243287.0749788,64.0,-2.097320795059204,9.41400146484375,-2.0207061767578125,0.43113628029823303,-0.3474670946598053,-0.7833997011184692,b'\x00'
1619243287.0749788,65.0,-3.9815573692321777,8.307879447937012,b'M\xd3'
1619243287.0749788,b'\xc0',-0.04050229862332344,-0.2606002986431122,-0.06048698350787163,b'\x00'
1619243288.0761652,65.0,-2.760514497756958,b'\xb8\xf0'
1619243288.0761652,b'A',-1.9512743949890137,-0.266728937625885,-0.3114946484565735,-0.09192955493927002,b'\x00'
1619243289.077275,13.0,-4.359841346740723,b'\x9f]'
1619243289.077275,b'A',-2.5067291259765625,0.27898621559143066,0.006928024813532829,-0.13136599957942963,b'\x00'
1619243289.077275,65.0,-3.201047658920288,8.875306129455566,-2.2194249629974365,-0.007727412041276693,-0.08660030364990234,0.1366952508687973,b'\x00'
1619243290.0783947,65.0,-3.2800562381744385,8.834604263305664,-1.9776105880737305,-0.0045298621989786625,0.02158346027135849,-0.27765390276908875,b'\x00'
1619243290.0783947,64.0,-3.354276657104492,9.27034854888916,b'e6'
1619243290.0783947,b'\xc0',0.027712099254131317,0.04796324670314789,-0.07700765877962112,b'\x01'
1619243291.0795674,65.0,-3.093308687210083,8.949525833129883,-1.8507179021835327,0.06768146902322769,-0.09672587364912033,0.02931087277829647,b'\x00'
1619243291.0795674,65.0,b'k',b'M\xc0',9.107542991638184,-1.6831238269805908,0.02797855995595455,-0.34986522793769836,0.05302603542804718,b'\x00'
1619243292.080528,65.0,-3.201047658920288,9.138668060302734,-1.3982137441635132,0.03890352323651314,-0.07833997160196304,0.020517610013484955,b'\x00'
1619243293.0816453,65.0,-3.1747114658355713,9.167398452758789,-1.0749965906143188,-0.13456355035305023,0.06208575889468193,-0.1303001493215561,b'\x00'
1619243293.0816453,65.0,-3.268085241317749,9.519346237182617,-0.5746083855628967,-0.13376416265964508,-0.04796324670314789,0.17852985858917236,b'\x00'
1619243294.082793,65.0,-3.0526070594787598,9.133879661560059,0.26096799969673157,0.07993873953819275,-0.09432771801948547,-0.09619295597076416,b'\x00'
1619243294.082793,65.0,-3.3710360527038574,9.342175483703613,0.4620809257030487,0.09459418058395386,0.010924961417913437,-0.02291577309370041,b'\x00'
1619243295.0838504,64.0,-3.1866824626922607,9.241618156433105,0.7206547260284424,-0.10232159495353699,-0.02238284796476364,-0.07940581440925598,b'\x00'
1619243295.0838504,63.0,-3.646369218826294,9.220070838928223,0.30885201692581177,0.21210414171218872,-0.02291577309370041,0.11138132214546204,b'\x00'
1619243296.084963,63.0,-3.272873640060425,9.083600997924805,0.45250412821769714,-0.14602144062519073,0.11298009008169174,0.02851148694753647,b'\x00'
1619243296.084963,64.0,-4.048594951629639,9.232041358947754,0.3208230137825012,0.08127105236053467,-0.22596018016338348,0.18492496013641357,b'\x00'
1619243297.0852952,64.0,-3.5458126068115234,9.186552047729492,0.1628057211637497,-0.06874731928110123,-0.033041346818208694,-0.07141194492578506,b'\x00'
1619243298.085912,64.0,-3.550601005554199,8.999804496765137,0.7134721279144287,-0.07167840749025345,-0.031709033995866776,-0.05995405837893486,b'\x00'
1619243298.085912,64.0,-4.110844135284424,8.968679428100586,0.4692635238170624,0.17906278371810913,-0.2470107227563858,0.04343338683247566,b'\x00'
1619243299.0870538,64.0,-3.687070608139038,8.882488250732422,0.2753331959247589,0.018652373924851418,0.07301072031259537,0.009059724397957325,b'\x00'
1619243299.0870538,65.0,-4.201824188232422,8.959102630615234,-0.11013327538967133,0.058088820427656174,-0.10791730135679245,0.13589586317539215,b'\x00'
1619243300.088189,64.0,-3.536235809326172,9.27034854888916,-0.19632454216480255,0.16520673036575317,-0.2123706042766571,0.006395099684596062,b'\x00'
1619243300.088189,64.0,-4.182670593261719,9.047688484191895,-0.021547814831137657,0.1398928016424179,0.01945176161825657,-0.012257273308932781,b'\x00'
1619243301.0893216,65.0,-4.302380561828613,8.999804496765137,-0.14844051003456116,0.12230627983808517,-0.023182237520813942,0.18918836116790771,b'\x00'
1619243301.0893216,64.0,-3.5936968326568604,8.98543930053711,-0.4381389021873474,0.10685145854949951,-0.102055124938488,0.09539356082677841,b'\x00'
1619243302.090491,64.0,-3.6559460163116455,9.057265281677246,-0.4357447028160095,0.0905972421169281,-0.08366922289133072,-0.05196018144488335,b'\x00'
1619243303.09159,66.0,-4.039018154144287,8.889671325683594,-0.3208230137825012,0.08420214802026749,-0.04956202208995819,-0.03437365964055061,b'\x00'
1619243303.09159,65.0,-4.307168960571289,8.865729331970215,-0.3256114423274994,0.102055124938488,-0.1284349113702774,0.030110260471701622,b'\x00'
1619243304.092745,15.0,-4.302380561828613,8.798690795898438,-0.3280056416988373,0.06048698350787163,-0.10232159495353699,0.01252373680472374,b'\x00'
1619243304.092745,64.0,-3.624821424484253,8.848969459533691,-0.24899697303771973,-0.08500153571367264,-0.042900457978248596,0.15188361704349518,b'\x00'
1619243305.0938504,65.0,-3.464409828186035,9.346963882446289,0.24899697303771973,0.09965696930885315,0.04130168259143829,-0.04689739644527435,b'\x00'
1619243305.0938504,65.0,-3.9193081855773926,9.004592895507812,0.047884032130241394,0.053292494267225266,0.018385911360383034,-0.054091885685920715,b'\x00'
1619243306.094439,65.0,-3.7253777980804443,9.05487060546875,0.021547814831137657,-0.021316997706890106,0.02584685944020748,0.03357427194714546,b'\x00'
1619243306.094439,65.0,-3.7828385829925537,9.016563415527344,0.1867477297782898,0.0740765631198883,0.012257273308932781,0.054624807089567184,b'\x00'
1619243307.0955698,66.0,-4.189853191375732,8.904036521911621,0.15083470940589905,b'\xbbV'
1619243307.0955698,b'>',-0.11671055853366852,-0.05196018144488335,b'\x00'
1619243308.0966578,65.0,-4.278438568115234,b'\x9f]'
1619243308.0966578,b'A',-0.043095629662275314,0.11351301521062851,-0.04130168259143829,-0.045032158493995667,b'\x00'
1619243308.0966578,65.0,b'\x08'
1619243308.0966578,b'\x8f\xc0',8.437167167663574,-0.9169792532920837,0.17746400833129883,-0.13243184983730316,0.13749463856220245,b'\x01'
1619243309.0972428,65.0,-3.995922565460205,8.772355079650879,-1.036689281463623,0.03250842168927193,-0.065816231071949,0.054624807089567184,b'\x00'
1619243309.0972428,65.0,-4.113238334655762,8.889671325683594,-0.8906430602073669,0.016254210844635963,-0.049828484654426575,0.04263399541378021,b'\x00'
1619243310.0981157,65.0,-3.60566782951355,9.20091724395752,-1.3072341680526733,0.16440735757350922,0.3096293807029724,0.17266768217086792,b'\x00'
1619243310.0981157,65.0,-3.488351821899414,8.925583839416504,-1.8914192914962769,0.06368453055620193,-0.053292494267225266,-0.04183461144566536,b'\x00'
1619243311.0992384,23.0,-4.0533833503723145,b'\\\x05'
1619243311.0992384,b'A',-1.8722656965255737,0.1846584975719452,-0.05009494721889496,-0.008260336704552174,b'\x00'
1619243312.1007535,66.0,-4.278438568115234,8.453926086425781,-1.9752163887023926,0.024248085916042328,-0.06128636747598648,-0.014388973824679852,b'\x00'
1619243312.1007535,67.0,-4.3622355461120605,8.578424453735352,-2.0159177780151367,0.12550382316112518,-0.05489126965403557,0.19371822476387024,b'\x00'
1619243313.1018693,66.0,-3.9408559799194336,8.724471092224121,-1.9943699836730957,0.0724777951836586,-0.06048698350787163,b'\x07\xb8',b'>',b'\x00'
1619243313.1018693,66.0,-3.754108190536499,8.700529098510742,-1.98958158493042,0.031176110729575157,0.039436448365449905,0.07780704647302628,b'\x00'
1619243314.1029766,65.0,-3.5865142345428467,8.80587387084961,-2.1164743900299072,0.04956202208995819,-0.04183461144566536,b'-r',b'=',b'\x00'
1619243314.1029766,66.0,-3.550601005554199,8.887276649475098,-2.2433669567108154,0.04396630823612213,0.03250842168927193,0.054624807089567184,b'\x00'
1619243315.1038609,65.0,-3.5242648124694824,8.743624687194824,-2.142810583114624,0.05302603542804718,-0.04103522002696991,-0.015721285715699196,b'\x00'
1619243315.1038609,66.0,-3.84269380569458,8.719682693481445,-2.1811177730560303,0.0905972421169281,-0.0740765631198883,-0.049828484654426575,b'\x00'
1619243316.1045399,19.0,-4.077325344085693,8.49941635131836,-2.2026655673980713,0.08260336518287659,-0.10738438367843628,-0.008260336704552174,b'\x00'
1619243317.1057703,67.0,-4.398148536682129,8.274360656738281,-2.097320795059204,0.026113322004675865,-0.07993873953819275,-0.06315161287784576,b'\x00'
1619243317.1057703,66.0,-4.592078685760498,8.339004516601562,-2.1380221843719482,0.03543950989842415,-0.09645941853523254,0.069280244410038,b'\x00'
1619243318.1068697,66.0,-4.213795185089111,8.559270858764648,-1.889025092124939,0.07967228442430496,-0.06874731928110123,0.10898315161466599,b'\x00'
1619243318.1068697,66.0,-3.864241600036621,8.71728801727295,-1.9321208000183105,0.07487595826387405,-0.16014394164085388,0.10098928213119507,b'\x00'
1619243319.107715,65.0,-3.557783842086792,b'D\xa2'
1619243319.107715,b'A',-1.9632453918457031,-0.028777947649359703,0.20304441452026367,-0.015721285715699196,b'\x01'
1619243319.107715,65.0,-2.4157495498657227,9.27034854888916,-2.631227731704712,-0.03357427194714546,-0.05622358247637749,0.005862174555659294,b'\x00'
1619243320.1088653,64.0
1619243320.1088653,b'\x1e\xdb\xbf',9.246406555175781,-2.676717519760132,0.0559571199119091,-0.0037304747384041548,0.14042572677135468,b'\x00'
1619243320.1088653,64.0,-1.3958195447921753,9.351752281188965,-2.719813108444214,0.039969369769096375,-0.050361406058073044,0.01119142398238182,b'\x00'
1619243321.1100526,64.0,-1.946485996246338,9.153033256530762,-2.6431987285614014,-0.01678713597357273,0.006928024813532829,0.06874731928110123,b'\x00'
1619243322.1105075,66.0,-2.4660277366638184,9.040505409240723,-2.4420857429504395,0.06688208132982254,-0.014122511260211468,-0.014921898953616619,b'\x00'
1619243322.1105075,66.0,-2.1954829692840576,9.184157371520996,-2.279279947280884,0.09832465648651123,-0.03437365964055061,0.28911179304122925,b'\x00'
1619243323.111778,65.0,-1.3527239561080933,9.351752281188965,-2.3367409706115723,0.06181929633021355,0.010658498853445053,0.13269831240177155,b'\x00'
1619243323.111778,65.0,-0.7134721279144287,9.469067573547363,-2.3032219409942627,0.02238284796476364,-0.06501684337854385,0.10445328801870346,b'\x00'
1619243324.1128922,66.0,-1.3120225667953491,9.23682975769043,b'M\xd3'
1619243324.1128922,b'\xc0',0.07327718287706375,-0.12763553857803345,-0.13962633907794952,b'\x00'
1619243324.1128922,65.0,-2.3535003662109375,9.172186851501465,-2.274491548538208,0.07327718287706375,-0.2073078155517578,0.015454824082553387,b'\x00'
1619243325.1138508,64.0,-1.6328455209732056,9.516951560974121,-2.382230758666992,0.04316692054271698,-0.015188361518085003,0.19904747605323792,b'\x00'
1619243326.1149747,64.0,-0.8092401623725891,9.521739959716797,-2.2242133617401123,0.006128636654466391,-0.069280244410038,0.1630750447511673,b'\x00'
1619243326.1149747,65.0,0.07900865375995636,9.581595420837402,b'\x87\xfa'
1619243326.1149747,b'\xc0',0.17586523294448853,0.08340275287628174,0.1465543657541275,b'\x00'
1619243327.1162016,64.0,0.5889736413955688,9.433155059814453,b'M\xd3'
1619243327.1162016,b'\xc0',-0.042900457978248596,-0.03916998580098152,-0.12497090548276901,b'\x00'
1619243327.1162016,64.0
1619243327.1162016,b'\xe8\x9c\xbd',9.50498104095459,-2.1380221843719482,0.07940581440925598,-0.10631853342056274,-0.10631853342056274,b'\x00'
1619243328.1172347,64.0,-1.3910311460494995,9.41639518737793,-2.408566951751709,0.013856049627065659,-0.1500183790922165,-0.29097700119018555,b'\x00'
1619243328.1172347,65.0,-2.2194249629974365,9.330204010009766,-2.2361843585968018,0.0013323123566806316,0.009326186962425709,-0.030909648165106773,b'\x00'
1619243329.1183603,65.0,-2.049436569213867,9.399636268615723,-2.2242133617401123,0.01119142398238182,-0.04663093388080597,0.13882695138454437,b'\x00'
1619243329.1183603,66.0,-1.5298948287963867,9.473855972290039,-2.0925323963165283,-0.0015987749211490154,-0.07034609466791153,0.13909341394901276,b'\x00'
1619243330.1195219,65.0,-0.7637503147125244,9.6989107131958,-1.8507179021835327,0.04796324670314789,-0.0173200611025095,0.19558346271514893,b'\x00'
1619243331.1205807,65.0,-0.28730419278144836,9.873687744140625,-1.4724340438842773,-0.17826339602470398,-0.13296477496623993,0.045032158493995667,b'\x00'
1619243331.1205807,64.0,-0.22505496442317963,9.768342971801758,-1.4053963422775269,0.06661561876535416,-0.07221133261919022,-0.09486064314842224,b'\x00'
1619243332.1217277,65.0,-1.216254472732544,9.813833236694336,-1.338358759880066,0.18545790016651154,-0.10312097519636154,-0.1497519165277481,b'\x00'
1619243332.1217277,65.0,-2.1068975925445557,b'\x98'
1619243332.1217277,b'\x18A',-1.3335703611373901,0.027712099254131317,-0.031176110729575157,-0.11537826061248779,b'\x00'
1619243333.1229038,65.0,-2.6192567348480225,9.366117477416992,-1.460463047027588,0.12656967341899872,-0.12710259854793549,0.025580398738384247,b'\x00'
1619243333.1229038,64.0,-1.4484920501708984,9.581595420837402,-1.7980455160140991,0.09006431698799133,-0.03277488425374031,0.23821745812892914,b'\x00'
1619243334.1238406,64.0,-0.3447650372982025,9.624691009521484,-1.8387469053268433,0.0559571199119091,0.07807350158691406,0.3328116536140442,b'\x00'
1619243334.1238406,65.0,0.9816226959228516,9.799467086791992,-1.534683346748352,-0.005862174555659294,0.027712099254131317,0.20064625144004822,b'\x00'
1619243335.1243382,66.0,1.7980455160140991,9.66539192199707,-1.2545616626739502,0.054091885685920715,-0.035173047333955765,0.08633384108543396,b'\x00'
1619243336.125574,66.0,0.9720458984375,9.658209800720215,-1.4413094520568848,0.09859111160039902,-0.06341806799173355,-0.06501684337854385,b'\x00'
1619243336.125574,65.0,0.2346317619085312,9.746794700622559,-1.482010841369629,0.07647473365068436,-0.07381010800600052,-0.024514546617865562,b'\x00'
1619243337.1263525,66.0,-0.6823474764823914,9.763554573059082,-1.5658079385757446,0.006128636654466391,-0.10924961417913437,-0.03224195912480354,b'\x00'
1619243337.1263525,65.0,-1.4460978507995605,9.66299819946289,-1.6424223184585571,0.02105053700506687,-0.11750995367765427,-0.08846554160118103,b'\x00'
1619243338.1275105,65.0,-2.1068975925445557,9.442731857299805,-1.4652514457702637,0.07727411389350891,-0.058088820427656174,-0.03677182272076607,b'\x00'
1619243338.1275105,67.0,-2.427720546722412,9.320627212524414,-1.5298948287963867,0.08633384108543396,-0.0559571199119091,-0.06128636747598648,b'\x00'
1619243339.1286843,65.0,-2.5234885215759277,9.29189682006836,-1.534683346748352,0.39249923825263977,-0.10285452008247375,0.21370291709899902,b'\x01'
1619243339.1286843,64.0,-1.3886369466781616,9.38048267364502,-2.956839084625244,0.1929188370704651,-0.3655865490436554,0.5307932496070862,b'\x01'
1619243340.1299658,63.0,0.4908113479614258,7.970297336578369,-5.2696380615234375,0.2574027478694916,-0.4665758013725281,-0.59980708360672,b'\x01'
1619243341.130508,63.0,1.0869675874710083,7.479485988616943,-4.410119533538818,-1.1316660642623901,-0.6792128682136536,-1.30966317653656,b'\x01'
1619243341.130508,61.0,-0.021547814831137657,b'\xc7\xbc@',-2.5905263423919678,2.3440704345703125,-0.1894548088312149,-1.888685941696167,b'\x01'
1619243342.13178,7.0,0.9217676520347595,5.702988624572754,-7.73087739944458,0.1761316955089569,-0.05489126965403557,0.05702297389507294,b'\x01'
1619243342.13178,7.0,0.8810662031173706,5.714959621429443,-7.654263019561768,0.06288514286279678,-0.054624807089567184,0.03064318373799324,b'\x01'
1619243343.1326818,7.0,0.8906430602073669,5.717353820800781,-7.671022415161133,0.06048698350787163,-0.0543583482503891,0.029577335342764854,b'\x01'
1619243343.1326818,7.0,0.8762778043746948,5.702988624572754,-7.661445617675781,0.06128636747598648,-0.054624807089567184,0.029843797907233238,b'\x01'
1619243344.133394,7.0,0.8834604024887085,5.7125654220581055,-7.680599212646484,0.06075344607234001,-0.0543583482503891,0.029843797907233238,b'\x01'
1619243344.133394,b'\x00'
1619243345.1341205,7.0,0.8954314589500427,5.698200225830078,-7.687781810760498,0.06048698350787163,-0.0543583482503891,0.029577335342764854,b'\x01'
1619243345.1341205,8.0,0.8906430602073669,5.69580602645874,-7.680599212646484,0.06048698350787163,-0.0543583482503891,0.030110260471701622,b'\x01'
1619243346.1353226,7.0,0.8858546018600464,5.705382823944092,-7.682993412017822,0.060220520943403244,-0.054624807089567184,0.029843797907233238,b'\x01'
1619243346.1353226,63.0,0.8858546018600464,5.698200225830078,-7.675810813903809,0.06048698350787163,-0.054624807089567184,0.030110260471701622,b'\x01'
1619243347.1364582,7.0,0.8978256583213806,5.702988624572754,-7.687781810760498,0.060220520943403244,-0.0543583482503891,0.029843797907233238,b'\x01'
1619243347.1364582,7.0,0.8882488012313843,5.693411827087402,-7.671022415161133,0.05995405837893486,-0.05355895683169365,0.030376723036170006,b'\x01'
1619243348.137175,7.0,0.8930372595787048,5.702988624572754,-7.661445617675781,0.058088820427656174,-0.054624807089567184,0.030110260471701622,b'\x01'
1619243348.137175,7.0,0.9050082564353943,5.693411827087402,-7.673416614532471,0.06395099312067032,-0.0543583482503891,0.03064318373799324,b'\x01'
1619243349.1384602,8.0,0.9026140570640564,5.681440830230713,-7.68538761138916,0.05995405837893486,-0.054624807089567184,0.029843797907233238,b'\x01'
1619243350.1394496,63.0,0.8978256583213806,5.688623428344727,-7.680599212646484,0.060220520943403244,-0.054091885685920715,0.029577335342764854,b'\x01'
1619243350.1394496,63.0,0.8954314589500427,5.674258232116699,-7.668628215789795,0.060220520943403244,-0.054091885685920715,0.029843797907233238,b'\x01'
1619243351.140612,8.0,0.8906430602073669,5.686229228973389,-7.680599212646484,0.06075344607234001,-0.0543583482503891,0.030110260471701622,b'\x01'
1619243351.140612,63.0,0.8978256583213806,5.69580602645874,-7.682993412017822,0.06048698350787163,-0.0543583482503891,0.029843797907233238,b'\x01'
1619243352.1417263,63.0,0.8978256583213806,5.688623428344727,-7.692570209503174,0.06048698350787163,-0.0543583482503891,0.030110260471701622,b'\x01'
1619243352.1417263,63.0,0.8906430602073669,5.688623428344727,-7.6782050132751465,0.06048698350787163,-0.0543583482503891,0.030110260471701622,b'\x01'
1619243353.1427917,8.0,0.8930372595787048,5.681440830230713,-7.687781810760498,0.060220520943403244,-0.0543583482503891,0.029843797907233238,b'\x01'
1619243353.1427917,64.0,0.8906430602073669,5.686229228973389,-7.690176010131836,0.061019908636808395,-0.05489126965403557,0.029843797907233238,b'\x01'
1619243354.1441166,63.0,0.8978256583213806,5.688623428344727,-7.690176010131836,0.05995405837893486,-0.05515773221850395,0.029843797907233238,b'\x01'
1619243355.1452892,64.0,0.8954314589500427,5.6910176277160645,-7.68538761138916,0.061019908636808395,-0.05489126965403557,0.030110260471701622,b'\x01'
1619243355.1452892,13.0,0.8954314589500427,5.686229228973389,-7.690176010131836,0.061019908636808395,-0.05489126965403557,0.030110260471701622,b'\x01'
1619243356.1464505,9.0,0.8954314589500427,5.683835029602051,-7.675810813903809,0.06075344607234001,-0.054624807089567184,0.029577335342764854,b'\x01'
1619243356.1464505,64.0,0.8930372595787048,5.686229228973389,-7.702147006988525,0.05995405837893486,-0.054091885685920715,0.030376723036170006,b'\x01'
1619243357.1471858,8.0,0.8978256583213806,5.686229228973389,-7.6782050132751465,0.06075344607234001,-0.054624807089567184,0.029577335342764854,b'\x01'
1619243357.1471858,9.0,0.9050082564353943,5.676652431488037,-7.706935405731201,0.059687595814466476,-0.0543583482503891,0.029577335342764854,b'\x01'
1619243358.1483777,10.0,0.9026140570640564,5.671864032745361,-7.675810813903809,0.062352221459150314,-0.05489126965403557,0.030909648165106773,b'\x01'
1619243358.1483777,5.0,0.8930372595787048,5.633556365966797,-7.716512203216553,0.06341806799173355,-0.0543583482503891,0.02931087277829647,b'\x01'
1619243359.1494749,5.0,0.8882488012313843,5.638344764709473,-7.6997528076171875,0.060220520943403244,-0.055424198508262634,0.029843797907233238,b'\x01'
1619243360.150503,5.0,0.8810662031173706,5.633556365966797,-7.718906402587891,0.06128636747598648,-0.05515773221850395,0.030110260471701622,b'\x01'
1619243360.150503,5.0,0.8906430602073669,5.631162166595459,-7.733271598815918,0.06208575889468193,-0.055424198508262634,0.030909648165106773,b'\x01'
1619243361.1516361,64.0,0.9002198576927185,5.623979568481445,-7.718906402587891,0.05995405837893486,-0.054624807089567184,0.03064318373799324,b'\x01'
1619243361.1516361,64.0,0.8978256583213806,5.631162166595459,-7.716512203216553,0.05995405837893486,-0.054624807089567184,0.029843797907233238,b'\x01'
1619243362.152859,64.0,0.8858546018600464,5.635950565338135,-7.711723804473877,0.05995405837893486,-0.0543583482503891,0.029843797907233238,b'\x01'
1619243362.152859,64.0,0.9002198576927185,5.623979568481445,-7.716512203216553,0.05995405837893486,-0.054624807089567184,0.029577335342764854,b'\x01'
1619243363.1539795,63.0,0.8978256583213806,5.631162166595459,-7.73087739944458,0.06128636747598648,-0.054624807089567184,0.030110260471701622,b'\x01'
1619243363.1539795,64.0,0.8954314589500427,5.628767967224121,-7.716512203216553,0.061019908636808395,-0.054091885685920715,0.02931087277829647,b'\x01'
1619243364.1551063,6.0,0.8930372595787048,5.621585369110107,-7.73087739944458,0.059687595814466476,-0.054624807089567184,0.029577335342764854,b'\x01'
1619243365.156209,7.0,0.8978256583213806,5.616796970367432,-7.73087739944458,0.06688208132982254,-0.054624807089567184,0.029843797907233238,b'\x01'
1619243365.156209,7.0,0.8906430602073669,5.631162166595459,-7.7213006019592285,0.06048698350787163,-0.05489126965403557,0.029843797907233238,b'\x01'
1619243366.15718,7.0,0.9002198576927185,5.621585369110107,-7.7213006019592285,0.062352221459150314,-0.05489126965403557,0.030909648165106773,b'\x01'
1619243366.15718,7.0,0.9002198576927185,5.631162166595459,-7.733271598815918,0.060220520943403244,-0.054624807089567184,0.030376723036170006,b'\x01'
1619243367.158302,7.0,0.8978256583213806,5.631162166595459,-7.728483200073242,0.06075344607234001,-0.05489126965403557,0.029843797907233238,b'\x01'
1619243367.158302,8.0,0.8906430602073669,5.628767967224121,-7.728483200073242,0.058088820427656174,-0.05302603542804718,0.029044410213828087,b'\x01'
1619243368.1595376,7.0,0.8906430602073669,5.6191911697387695,-7.733271598815918,0.05995405837893486,-0.0543583482503891,0.029843797907233238,b'\x01'
1619243368.1595376,7.0,0.9026140570640564,5.614402770996094,-7.718906402587891,0.058888208121061325,-0.054624807089567184,0.03064318373799324,b'\x01'
1619243369.160634,7.0,0.9002198576927185,5.626373767852783,-7.716512203216553,0.06048698350787163,-0.0543583482503891,0.03064318373799324,b'\x01'
1619243370.1613421,5.0,0.8954314589500427,5.6191911697387695,-7.716512203216553,0.06315161287784576,-0.056756507605314255,0.029843797907233238,b'\x01'
1619243370.1613421,5.0,0.8858546018600464,5.633556365966797,-7.726089000701904,0.05489126965403557,-0.05515773221850395,0.030110260471701622,b'\x01'
1619243371.162446,6.0,0.9002198576927185,5.631162166595459,-7.716512203216553,0.06368453055620193,-0.05515773221850395,0.030376723036170006,b'\x01'
1619243371.162446,6.0,0.8954314589500427,5.635950565338135,-7.733271598815918,0.059687595814466476,-0.054624807089567184,0.029577335342764854,b'\x01'
1619243372.1639335,8.0,0.8954314589500427,5.614402770996094,-7.726089000701904,0.059687595814466476,-0.054091885685920715,0.030110260471701622,b'\x01'
1619243372.1639335,63.0,0.8954314589500427,5.609614372253418,-7.733271598815918,0.06128636747598648,-0.055424198508262634,0.030376723036170006,b'\x01'
1619243373.1647308,63.0,0.8978256583213806,5.602431774139404,-7.73087739944458,0.06075344607234001,-0.0543583482503891,0.03064318373799324,b'\x01'
1619243373.1647308,b'\x00'
1619243374.1659663,63.0,0.8978256583213806,5.616796970367432,-7.733271598815918,0.062352221459150314,-0.05489126965403557,0.030909648165106773,b'\x01'
1619243374.1659663,63.0,0.9169792532920837,5.556941986083984,-7.771578788757324,0.05355895683169365,-0.050361406058073044,0.029044410213828087,b'\x01'
1619243375.167089,63.0,0.9050082564353943,5.556941986083984,-7.747636795043945,0.06128636747598648,-0.05649004504084587,0.031176110729575157,b'\x01'
1619243375.167089,63.0,0.9097966551780701,5.571307182312012,-7.754819393157959,0.060220520943403244,-0.054624807089567184,0.030376723036170006,b'\x01'
1619243376.168981,63.0,0.9097966551780701,5.564124584197998,-7.762001991271973,0.05942113324999809,-0.0543583482503891,0.029843797907233238,b'\x01'
1619243376.168981,63.0,0.9097966551780701,5.5545477867126465,-7.759607791900635,0.060220520943403244,-0.054091885685920715,0.03064318373799324,b'\x01'
1619243377.1701126,63.0,0.9050082564353943,5.57370138168335,-7.759607791900635,0.06075344607234001,-0.0543583482503891,0.029577335342764854,b'\x01'
1619243377.1701126,7.0,0.9097966551780701,5.5329999923706055,-7.754819393157959,0.0642174556851387,-0.05515773221850395,0.02931087277829647,b'\x01'
1619243378.171264,6.0,0.9097966551780701,5.5545477867126465,-7.769184589385986,0.05995405837893486,-0.0543583482503891,0.029843797907233238,b'\x01'
1619243379.172364,6.0,0.9050082564353943,5.566518783569336,-7.745242595672607,0.05995405837893486,-0.05489126965403557,0.030110260471701622,b'\x01'
1619243379.172364,7.0,0.912190854549408,5.566518783569336,-7.750030994415283,0.0543583482503891,-0.0543583482503891,0.030909648165106773,b'\x01'
1619243380.17363,7.0,0.9026140570640564,5.571307182312012,-7.762001991271973,0.06128636747598648,-0.0543583482503891,0.029843797907233238,b'\x01'
1619243380.17363,63.0,0.912190854549408,5.566518783569336,-7.769184589385986,0.06128636747598648,-0.05489126965403557,0.029843797907233238,b'\x01'
1619243381.1738472,7.0,0.9002198576927185,5.564124584197998,-7.762001991271973,0.06128636747598648,-0.05489126965403557,0.030376723036170006,b'\x01'
1619243381.1738472,7.0,0.9026140570640564,5.559336185455322,-7.752425193786621,0.058888208121061325,-0.0543583482503891,0.029577335342764854,b'\x01'
1619243382.1751096,7.0,0.9074024558067322,5.5760955810546875,-7.750030994415283,0.05862174555659294,-0.054624807089567184,0.029577335342764854,b'\x01'
1619243382.1751096,6.0,0.9050082564353943,5.566518783569336,-7.757213592529297,0.059687595814466476,-0.05515773221850395,0.029843797907233238,b'\x01'
1619243383.176242,6.0,0.9097966551780701,5.564124584197998,-7.750030994415283,0.06128636747598648,-0.05489126965403557,0.03064318373799324,b'\x01'
1619243384.1773512,6.0,0.9169792532920837,5.566518783569336,-7.762001991271973,0.06181929633021355,-0.05515773221850395,0.030376723036170006,b'\x01'
1619243384.1773512,6.0,0.9074024558067322,5.57370138168335,-7.766790390014648,0.060220520943403244,-0.054624807089567184,0.030110260471701622,b'\x01'
1619243385.1784694,6.0,0.912190854549408,5.571307182312012,-7.752425193786621,0.05942113324999809,-0.05489126965403557,0.029577335342764854,b'\x01'
1619243385.1784694,6.0,0.9002198576927185,5.571307182312012,-7.766790390014648,0.06048698350787163,-0.05515773221850395,0.029577335342764854,b'\x01'
1619243386.1796823,6.0,0.9097966551780701,5.571307182312012,-7.745242595672607,0.06048698350787163,-0.054624807089567184,0.030376723036170006,b'\x01'
1619243386.1796823,6.0,0.8954314589500427,5.549759387969971,-7.745242595672607,0.06048698350787163,-0.05489126965403557,0.03064318373799324,b'\x01'
1619243387.1808152,6.0,0.9097966551780701,5.559336185455322,-7.745242595672607,0.05995405837893486,-0.0543583482503891,0.030376723036170006,b'\x01'
1619243387.1808152,6.0,0.8954314589500427,5.5760955810546875,-7.769184589385986,0.060220520943403244,-0.055424198508262634,0.02931087277829647,b'\x01'
1619243388.181942,6.0,0.9050082564353943,5.571307182312012,-7.7643961906433105,0.05915467068552971,-0.0543583482503891,0.030110260471701622,b'\x01'
1619243389.1830676,6.0,0.9002198576927185,5.57370138168335,-7.740454196929932,0.06075344607234001,-0.054624807089567184,0.030110260471701622,b'\x01'
1619243389.1830676,6.0,0.9097966551780701,5.559336185455322,-7.750030994415283,0.060220520943403244,-0.055424198508262634,0.029577335342764854,b'\x01'
1619243390.1838448,5.0,0.9145850539207458,5.56173038482666,-7.752425193786621,0.06075344607234001,-0.05489126965403557,0.030110260471701622,b'\x01'
1619243390.1838448,5.0,0.9002198576927185,5.56173038482666,-7.752425193786621,0.05942113324999809,-0.0543583482503891,0.029044410213828087,b'\x01'
1619243391.1841862,63.0,0.8930372595787048,5.585672378540039,-7.759607791900635,0.06288514286279678,-0.05569066107273102,0.030110260471701622,b'\x01'
1619243391.1841862,63.0,0.912190854549408,5.566518783569336,-7.762001991271973,0.0626186802983284,-0.05515773221850395,0.031709033995866776,b'\x01'
1619243392.1853216,64.0,0.8906430602073669,5.568912982940674,-7.769184589385986,0.06501684337854385,-0.056756507605314255,0.033041346818208694,b'\x01'
1619243392.1853216,6.0,0.9097966551780701,5.590460777282715,-7.754819393157959,0.058888208121061325,-0.0559571199119091,0.031176110729575157,b'\x01'
1619243393.1864429,64.0,0.9026140570640564,5.659893035888672,-7.673416614532471,0.04929555580019951,-0.05702297389507294,0.035173047333955765,b'\x01'
1619243394.188196,63.0,0.9169792532920837,5.6670756340026855,-7.690176010131836,0.06048698350787163,-0.05515773221850395,0.030376723036170006,b'\x01'
1619243394.188196,64.0,0.912190854549408,5.6670756340026855,-7.682993412017822,0.06075344607234001,-0.054624807089567184,0.030909648165106773,b'\x01'
1619243395.1893675,63.0,0.912190854549408,5.6670756340026855,-7.68538761138916,0.05995405837893486,-0.0543583482503891,0.030376723036170006,b'\x01'
1619243395.1893675,64.0,0.9074024558067322,5.683835029602051,-7.687781810760498,0.05995405837893486,-0.05489126965403557,0.030909648165106773,b'\x01'
1619243396.19049,65.0,0.9097966551780701,5.681440830230713,-7.68538761138916,0.05995405837893486,-0.05489126965403557,0.030909648165106773,b'\x01'
1619243396.19049,64.0,0.9097966551780701,5.679046630859375,-7.668628215789795,0.06128636747598648,-0.05515773221850395,0.030376723036170006,b'\x01'
1619243397.191251,64.0,0.9241618514060974,b';'
1619243397.191251,b'\xb5@',-7.682993412017822,0.06528330594301224,-0.0559571199119091,0.03197549656033516,b'\x01'
1619243397.191251,64.0,0.9002198576927185,5.700594425201416,-7.620744228363037,0.050361406058073044,-0.06688208132982254,0.023182237520813942,b'\x01'
1619243398.1924424,63.0,0.9145850539207458,5.705382823944092,-7.673416614532471,0.05862174555659294,-0.05489126965403557,0.03064318373799324,b'\x01'
1619243399.193667,63.0,0.9193734526634216,5.700594425201416,-7.647080421447754,0.06315161287784576,-0.0559571199119091,0.03064318373799324,b'\x01'
1619243399.193667,64.0,0.9289502501487732,5.698200225830078,-7.661445617675781,0.05942113324999809,-0.054091885685920715,0.030376723036170006,b'\x01'
1619243400.1942353,64.0,0.9289502501487732,5.702988624572754,-7.661445617675781,0.059687595814466476,-0.054624807089567184,0.03064318373799324,b'\x01'
1619243400.1942353,64.0,0.9265560507774353,5.70777702331543,-7.649474620819092,0.060220520943403244,-0.0543583482503891,0.03064318373799324,b'\x01'
1619243401.1953616,63.0,0.9289502501487732,5.698200225830078,-7.654263019561768,0.060220520943403244,-0.05489126965403557,0.030110260471701622,b'\x01'
1619243401.1953616,63.0,0.9289502501487732,5.698200225830078,-7.6566572189331055,0.060220520943403244,-0.055424198508262634,0.030110260471701622,b'\x01'
1619243402.196483,64.0,0.9313444495201111,5.688623428344727,-7.649474620819092,0.059687595814466476,-0.054624807089567184,0.029843797907233238,b'\x01'
1619243403.1971838,63.0,0.9289502501487732,5.702988624572754,-7.654263019561768,0.06048698350787163,-0.05515773221850395,0.030376723036170006,b'\x01'
1619243403.1971838,64.0,0.9289502501487732,5.702988624572754,-7.6566572189331055,0.05995405837893486,-0.054624807089567184,0.030376723036170006,b'\x01'
1619243404.1983407,64.0,0.9313444495201111,5.693411827087402,-7.63989782333374,0.06075344607234001,-0.05515773221850395,0.030376723036170006,b'\x01'
1619243404.1983407,64.0,0.9241618514060974,5.702988624572754,-7.649474620819092,0.05995405837893486,-0.054624807089567184,0.03064318373799324,b'\x01'
1619243405.199498,66.0,0.9289502501487732,5.700594425201416,-7.649474620819092,0.05995405837893486,-0.05489126965403557,0.030376723036170006,b'\x01'
1619243405.199498,65.0,0.9265560507774353,5.700594425201416,-7.661445617675781,0.05995405837893486,-0.05489126965403557,0.030110260471701622,b'\x01'
1619243406.2007725,64.0,0.9265560507774353,5.705382823944092,-7.661445617675781,0.06048698350787163,-0.05515773221850395,0.030376723036170006,b'\x01'
1619243406.2007725,64.0,0.933738648891449,5.702988624572754,-7.659051418304443,0.06048698350787163,-0.05489126965403557,0.030376723036170006,b'\x01'
1619243407.201901,63.0,0.9289502501487732,5.69580602645874,-7.642292022705078,0.05995405837893486,-0.05489126965403557,0.030110260471701622,b'\x01'
1619243408.203034,63.0,0.9313444495201111,5.69580602645874,-7.668628215789795,0.060220520943403244,-0.05489126965403557,0.030376723036170006,b'\x01'
1619243408.203034,64.0,0.9313444495201111,5.700594425201416,-7.6566572189331055,0.060220520943403244,-0.05489126965403557,0.029843797907233238,b'\x01'
1619243409.2042208,64.0,0.9241618514060974,5.702988624572754,-7.659051418304443,0.06048698350787163,-0.05515773221850395,0.030376723036170006,b'\x01'
1619243409.2042208,64.0,0.9289502501487732,5.700594425201416,-7.661445617675781,0.060220520943403244,-0.05489126965403557,0.029843797907233238,b'\x01'
1619243410.205411,64.0,0.9289502501487732,5.69580602645874,-7.663839817047119,0.05995405837893486,-0.05489126965403557,0.029843797907233238,b'\x01'
1619243410.205411,63.0,0.9241618514060974,5.69580602645874,-7.649474620819092,0.05995405837893486,-0.05515773221850395,0.030110260471701622,b'\x01'
1619243411.2065938,63.0,0.9313444495201111,5.686229228973389,-7.663839817047119,0.060220520943403244,-0.054624807089567184,0.03064318373799324,b'\x01'
1619243411.2065938,63.0,0.9289502501487732,5.702988624572754,-7.661445617675781,0.05995405837893486,-0.05489126965403557,0.030376723036170006,b'\x01'
1619243412.2078793,63.0,0.9289502501487732,5.700594425201416,-7.65186882019043,0.06075344607234001,-0.055424198508262634,0.030110260471701622,b'\x01'
1619243413.2088494,64.0,0.9289502501487732,5.70777702331543,-7.659051418304443,0.060220520943403244,-0.05622358247637749,0.027712099254131317,b'\x01'
1619243413.2088494,64.0,0.9265560507774353,5.681440830230713,-7.668628215789795,0.05995405837893486,-0.05489126965403557,0.031176110729575157,b'\x01'
1619243414.2099686,65.0,0.9265560507774353,5.6910176277160645,-7.668628215789795,0.05622358247637749,-0.05489126965403557,0.029843797907233238,b'\x01'
1619243414.2099686,63.0,0.912190854549408,5.6910176277160645,-7.642292022705078,0.06155283376574516,-0.05489126965403557,0.030110260471701622,b'\x01'
1619243415.2104914,63.0,0.9289502501487732,5.6910176277160645,-7.644686222076416,0.05915467068552971,-0.05489126965403557,0.03064318373799324,b'\x01'
1619243415.2104914,64.0,0.9289502501487732,5.681440830230713,-7.65186882019043,0.060220520943403244,-0.05515773221850395,0.030376723036170006,b'\x01'
1619243416.2116992,64.0,0.933738648891449,5.700594425201416,-7.673416614532471,0.058888208121061325,-0.05515773221850395,0.030110260471701622,b'\x01'
1619243416.2116992,64.0,0.9193734526634216,5.676652431488037,-7.65186882019043,0.06075344607234001,-0.055424198508262634,0.029843797907233238,b'\x01'
1619243417.2128098,65.0,0.9169792532920837,5.671864032745361,-7.627926826477051,0.058088820427656174,-0.055424198508262634,0.02931087277829647,b'\x01'
1619243418.2130907,64.0,0.9193734526634216,5.686229228973389,-7.642292022705078,0.05915467068552971,-0.054624807089567184,0.030376723036170006,b'\x01'
1619243418.2130907,65.0,0.9217676520347595,5.686229228973389,-7.668628215789795,0.061019908636808395,-0.055424198508262634,0.030376723036170006,b'\x01'
1619243419.214389,64.0,0.9265560507774353,5.688623428344727,-7.666234016418457,0.060220520943403244,-0.055424198508262634,0.030909648165106773,b'\x01'
1619243419.214389,64.0,0.9193734526634216,5.693411827087402,-7.661445617675781,0.059687595814466476,-0.055424198508262634,0.029843797907233238,b'\x01'
1619243420.2147365,64.0,0.9241618514060974,5.688623428344727,-7.632715225219727,0.06048698350787163,-0.05515773221850395,0.030110260471701622,b'\x01'
1619243420.2147365,64.0,0.9169792532920837,5.698200225830078,-7.65186882019043,0.06048698350787163,-0.05515773221850395,0.030110260471701622,b'\x01'
1619243421.2150195,64.0,0.9193734526634216,5.69580602645874,-7.663839817047119,0.061019908636808395,-0.055424198508262634,0.030376723036170006,b'\x01'
1619243422.216143,64.0,0.9265560507774353,5.700594425201416,-7.663839817047119,0.060220520943403244,-0.05515773221850395,0.030376723036170006,b'\x01'
1619243422.216143,64.0,0.9193734526634216,5.700594425201416,-7.644686222076416,0.05995405837893486,-0.05489126965403557,0.030110260471701622,b'\x01'
1619243423.2172887,64.0,0.9169792532920837,5.686229228973389,-7.659051418304443,0.05995405837893486,-0.05489126965403557,0.030376723036170006,b'\x01'
1619243423.2172887,64.0,0.9169792532920837,5.683835029602051,-7.654263019561768,0.061019908636808395,-0.05515773221850395,0.030376723036170006,b'\x01'
1619243424.2184315,64.0,0.9241618514060974,5.698200225830078,-7.65186882019043,0.06048698350787163,-0.054624807089567184,0.030110260471701622,b'\x01'
1619243424.2184315,64.0,0.9241618514060974,5.681440830230713,-7.644686222076416,0.05995405837893486,-0.055424198508262634,0.030376723036170006,b'\x01'
1619243425.2195816,64.0,0.9169792532920837,5.6910176277160645,-7.666234016418457,0.061019908636808395,-0.05489126965403557,0.030909648165106773,b'\x01'
1619243425.2195816,64.0,0.9193734526634216,5.686229228973389,-7.647080421447754,0.058888208121061325,-0.05515773221850395,0.030110260471701622,b'\x01'
1619243426.2205591,63.0,0.9313444495201111,5.688623428344727,-7.661445617675781,0.059687595814466476,-0.05515773221850395,0.030376723036170006,b'\x01'
1619243427.2214873,63.0,0.9241618514060974,5.681440830230713,-7.6351094245910645,0.06075344607234001,-0.05489126965403557,0.030376723036170006,b'\x01'
1619243427.2214873,65.0,0.9193734526634216,5.6910176277160645,-7.654263019561768,0.06048698350787163,-0.05489126965403557,0.030110260471701622,b'\x01'
